,Kotor,Comments,Author
1,1,rick lu anak hasil kondom bocor ya,Whiskey FJ
2,0,kakak itu sokpede,Nafida 0712
3,1,gg bang slow gw sub kontol eenak,rafi ahmad
4,0,apa di tangan mu tatu,Rosli Ishak
5,1,muka lo ekk anjing gue rugi nonton youtube lo anjing,Dean Dea
6,1,gw suka gaya lu anjing haha hibur bedd wkwkwkw kontol ahaha,aqil sandie
7,1,mantapp bang erickkkkkaha hibur bedd wkwkwkw kontol ahaha,Rakhaaa S6
8,1,buat haters lo semua gosah sok sokan ngerti video erickolim kalo gk suka ngapain ditonton semudah itu anjinkkkkkk eriko juga gk maksa nonton video dia kalo suka ya alhamdulilah klo gk suka ya yaudah gak apa apa eriko juga gak maksa njinkkkkk,Aditzzeux Fx
9,0,subcribe cuma segitu doang kalah am atta,van Yuda
10,1,eriko kayak memek asu anjing cuiiihhh babi kontol lu kecil,van Yuda
11,0,bang collab ma bang leokoce v,Dewi Lesta
12,0,tapi gw ngakak nonton ericko lim walaupun toxic mantap dah rik,Fidel Junior
14,1,"hahaahaha haters kontol tuh bng ricko lim 
lanjut aja bng ricko gua suport lu bnonton semudah itu anjinkkkkkk eriko juga gk maksa nonton video dia kalo suka ya alhamdulilah klo gk suka ya yaudah gak apa apa eriko juga gak maksa njinkkkkk",dahny tawel
15,0,"haters konten
konten adsense
masih ngalirrrrr",Bang RA Gaming
16,1,sok iya banget lu anjeng lu bikin vidio gak ada faedahnya yg gak pantes ditonto bahasa lu babi nyesel kali emak lo lahirin lo dari memek harusnya dari silit lo goblok,Eza Maullana
17,1,babi banget yakan ni vidio gak pntg bgt goblok lu buka sifat asli lu kek apa yakan org yg subscribe lu itu iseng subcribe trus keluar babi goblok banget mnding ngaca aja muka lu kek kontol anjin,Eza Maullana
18,0,gua suka bngt sma konten luu bang,ADONARA BOYZZ
19,0,hahahahah,Yukihira Shiro
20,1,bang bikin vidio balas komentar haters lagi biar haters hater anjing ka kagak terus terusan engbacot pokonya bang iric harus semangat aku tau terkenal itu bukan suatu hal yang mudah dan gampang butuh proses di uji hates pokoknya tetap semangat bang eric jadi youtuber yang lebih sukses dan bisa melawan haters haters anjing,Sbastian ruben Sbastian
21,0,baku hantam dimulai,Demon blazing blazing
22,0,erick lim sma kimi hime gue fans dia karna dia serasi kalau pacarang,Sultang Gamimg Daimon
23,0,jangan hina erick gue fans dia jangan katakatai erick,Sultang Gamimg Daimon
24,1,hmm ahh bau memek,AngZ Gaming
25,0,betul bang lanjutin aja karya luu bangtakatai erick,Dan Cok
26,0,lu bacanya tuh sabar ngomong kotor mulu hater itu gak usah dibaca komennya,si Topi
27,0,i love you v,Adrian Setiawan
28,0,gw heartes bukan haters,Wira Widyatna Mahardika
29,0,auto subs lu i like itmong kotor mulu hater itu gak usah dibaca komennya,Vii Aerina
30,1,bilang sama orang itu mukak orang itu kayak jembut kucing,Domino _venom
31,0,pecahkan kepala otak orang itu bg,Domino _venom
32,0,gua suka sama lho bangng itu bg,Agus Aryadi
33,0,slow rick gw ada di pihak lu eak,Odeliass;88
34,0,"gausa diladenin bang rick para haters tu smakin lu banyak haters lu smakin naik bro

ttp menghibur bang rick dngan gaya toxic anjenggggg",Rahman Cover
35,0,sabar rick,Tatang 65
36,1,anti pantad typyd si erick mah,Fariq Nugraha
37,0,panutan ku,Rama Keitaro T
38,0,semangat k walaupun dibully trus,rafa kusuma
39,1,"ngakak ajg wkwk banyak juga haters nya yak v tapi gpp rik tetep buat konten yang lo sukai dan di sukai para subcribe lu salah satunya gua rik 
buat para haters ericko engak motak b madura",sowok ers
40,0,"semangat trs bangg k juga haters nya yak v tapi gpp rik tetep buat konten yang lo sukai dan di sukai para subcribe lu salah satunya gua rik 
buat para haters ericko engak motak b madura",Rosa meilita
41,0,"ganteng bangggg k juga haters nya yak v tapi gpp rik tetep buat konten yang lo sukai dan di sukai para subcribe lu salah satunya gua rik 
buat para haters ericko engak motak b madura",Rosa meilita
42,1,hhhmmm bau memek,Auriq Ryan
43,1,yang penting dapat berkarya dan ngehibur gak harus tenar karna kegoblokannya haters memang rajanya apa di comment gak intro emang lu bisa ngbuat channel ampe subs segede bang eric,Kaha SY
44,0,dear haters inget boyy tanpa ericko lim lu gak bakal sedewasa ini,dante imaru238
45,1,ngakak kontol wkwkwkanpa ericko lim lu gak bakal sedewasa ini,James Boi
46,0,slb apa,annisa Khairunnisa
47,1,"hahaha dnger tuh para heters tolol



ini channel hiburan 
bukan channel mendidik",Mugiwara Luffy
48,0,gua suka gaya lu nanggepin haters rick,Aser Ffff
49,0,ericko lim is the bestin haters rick,Dzaki Rgt
50,1,haters kontol,12345678910 Balap
51,0,yg sabar aja yg bang,Estiti Kebumen
52,0,hahahaha,subandi
53,0,sip bang,Damare Jagad
54,0,ngakak sial  emang gak berfaefah cuma bikin org ngakak siAan channel mendidik,Lulu Soso
55,1,banyak haters banyak duit btw ini ngent d,Rizky Ahmal
56,0,"buat lo haters jgn nonton klo gk suka nyaranin org jgn nonton content ini tpi lo juga nonton kan klo ada bocah yg nonton lalu tugas orang tuanya apa njing percuma nyariin biaya tpi kgk ngedidik 




ohya satu lagi buat lo haters mati aja lo ngent d",Bagus Ackerman
57,1,wehh eric kontol kapan bikin video reading komen lagi,Ahmad Hadiansyah
58,0,tetap semangat brada,Albi pramana
59,1,ngakak bangsat,Hanan Amani
60,1,eh pokoknya subscriber ericko lim atau orang orang lain yang nonton video ini sangat menyebalkan dan gak usah ditiru karena seperti orang bego yang enngak punya otak ericko lim lu mending gak usah kyk gini lagi,naufal adilla
61,1,ngomong nya jangan kasar bangsat,Rusmaniar Abdul Roni
62,1,sumpah we ngakak njirr,Branz Gaming
63,0,gila emang yg pada koment negatip lu klo gasuka jgn koment bikin dosa aja lu pada ini konten cuma buat hiburan aja lah pikir dlu boy,Oki Squerpants
64,1,erickontol,Dimas Nurcholis
65,0,baru pembuka ud lebay apalagi pertengahannya,Steven Ciawi
66,1,bau mem k,Bass Loudspeaker
67,0,kocak hahahaha banget,Muhammad Faqih
68,0,gw aja subs pertama kali belum di gift sultan macam apa niih,GH057 - YT
69,0,susu kental manis,Supri Arsop
70,0,gua suka ah sm elu bangm di gift sultan macam apa niih,Mpitt mdmd
71,0,awoke,M. SANIF
72,0,yoi gw si yayaya,kiki pb
73,1,haters tai kambingangm di gift sultan macam apa niih,Bilal Gaming Indo
75,0,"panjat terus bang tembus juta
lu gua coliin pake kaki kuda bang a aja lu pada ini konten cuma buat hiburan aja lah pikir dlu boy",Hendryco March
76,0,bang ericolim gua salah satu subscriber lu fans lu bang,rizky anisa
77,0,terbaik erickolimsalam dri balriber lu fans lu bang,Odek Divayana
78,0,good erick,Axel Raihan
79,1,bank erickolim gimana rasa nya coli pertama abank dan kpn,Tlarap ijo
80,1,bank erickolim gimana rasa nya coli pertama abank dan kpn,Tlarap ijo
81,0,bang lu bikin collab sama kimi hime pasti viewrs nya banyak,limv h
82,0,"bang gua haterslu




biar lo makin kaya",GamerMales ID
83,1,ngakak anjeng v,Steven bae
84,0,plis lah ya,Randika r
85,0,bodo amat hater gpp kan klo gw sub ama like setiap vid lu,Ghifari Gaming
86,1,hussssshhhhh bau memekklo gw sub ama like setiap vid lu,MUSIC VIDEO
87,0,dari pada ngehate orang kan nambah dosa mending lo main game aja udah,HITMAGIC INDO
88,0,bang rick lu teriak ngomong kotor gk kedengeran ama yg ruang sebelah,yulianti Clarity
89,0,"klo gak suka gak usah nonton tp mereka yg gak suka masih nonton 

adsensse lu ngalir nying

tulisannya bener kagak sih adsensse y",Rabbani Alfarisi
90,1,"haha anjing emang nonton tp mereka yg gak suka masih nonton 

adsensse lu ngalir nying

tulisannya bener kagak sih adsensse y",Ayudk 87_
91,0,"haters uangng nonton tp mereka yg gak suka masih nonton 

adsensse lu ngalir nying

tulisannya bener kagak sih adsensse y",BAYU AF
92,0,mantap bang gua nonton ini dri masa depan,semua milik kita
93,0,liat dimenit sampai,Lirik Lagu Indonesia
94,1,rik emut kontol gua pliss,Kirito kun Gaming
95,0,demi apa gw kesini karna sg nya obby sebelumnya g prnh wkwkwk,Nina Syna
96,0,haters cuma berani di coment pas ketemu paling selfe,campuran Canzis
97,0,v,NFG Official
98,1,"ngakak wkwk jadi org jgn baperan lah wkwk namany jg channel hiburan se lu ngalir nying

tulisannya bener kagak sih adsensse y",Bani Ilham
99,1,heters itu g punya otak tolollllll otak nya di kontol tolol heters paling bocah semua memek,ChikoChan 213
100,0,"haters adalahhhhh
sebuah makhluk hidup semacam kecebong tak bisa membuat karya dan hanya membully karya orang lain yang terkenal dan menjelek jelekan seperti tong kosong nyaring bunyinya",DGmrcaption77 gaming
101,0,maksudnya apaan,Helle R
102,0,wkwk,DIS GATORS
103,0,komen lu aja kyk bocah,Helle R
104,0,yutuber sama subscriber comentator toxic semua semoga kalian dapat hidayah dan dapet balesan yang setimpal aammiin,OP terdahsyat
105,1,hater emang gtu sok gak suka tapi kepo anjing,Two brother Gaming
106,0,wkwkwkwk,Bencikaca Vidgram
107,0,itu lo tau kalo di konten lo ada yg ngk patut di tayangkan emang benar itu semua tergantung orangnya untuk bisa memfilter mana yg salah mana yg bener tapi apasalahnya gitu membuat konten yang baikbaik aja boong kalo lo ngk ngerasa itu suatu hal yg salah dan sebagai creator yg punya subscribe banyak itu udah tangung jawab lo memberikan konten yg setidaknya ada manfaatnyala bagi subscriber lo emang gue tau duit itu godaan banget tapi pliss jangan mikirin diri sendiri aja bro,aprilia atika
108,1,bacot ngentot,Abang Islah
109,0,erick x kimi hime,Berlian Aja
110,1,ngakak asu v,SaitamaN Music
111,0,gila bnyk haters,Saber clon
112,1,kok memek ngilu,RzGaming Yt
113,1,erickontol panutanquee,Angga Suckerzz
114,0,setuju kakak guanteng,Angel Santoso
115,0,ericko mahh imut and ganteng bangettt,Fujisaki Ichigo
116,1,goblok lu kira tuh org ericko lim gampanng apa dapet subs apa lu aja yg iri v,Sky! Chennel
117,0,seru,Abil Fida
118,0,sabar ric nanggepin haters ma v,Galang rakha
119,0,awokawok,IMMORTAL HEROIC
121,0,ketemu ericko lim minta foto juga wkwk,Arianator
122,1,gua akui kegantengan lu khentot,Rahma Shabilla
123,1,kontol lu rik,ilegal racer
124,1,kimi hime nonton v lu khentot,Mana Itu
125,0,sabar rik,okan christiano
126,1,ngakak anjrit guaa,Surya Pratama
127,1,mohon bersabar ini ujian ntot,Dhizs Gaming
128,1,ngajieun konten ewean kagok taiiiwk,Dede Yusuf
129,1,tai kudaa sia,Dede Yusuf
130,1,kimi hime sangee,Dede Yusuf
131,0,mantull,Adrian Syahmariz
132,1,anjingggggg,Love Nawal
133,1,ngejulur aja mulut lo anjinggg kayak anjing aja kontol lebih mirip anjing ngjulur lidah taikkkkk,Love Nawal
134,1,anjinggggg bau analog anjingggg,Marcell Hero
135,1,awal nya gw sub terus gw unsub trus waktu gw lagi pusing dengan masalah gw di real gw coba buka video lucu di yt dan ketemu lagi ama ni channel anjinx gw nonton gw malah ketawa kek orang gila mayan utk ngilangin stress dengan tingkah dan kegilaan ni anjinx thanks dah pokoknya auto sub n like dri gw,awak_ gon
136,1,bang kalau ada haters di balas gini lo bngsd gua tampol lu,Galon Gamer
137,1,bang diemin aja para haters kontol itu nanti juga capek sendiri,Anar Gya
138,0,teruntuk kalian para haters tonton video ini,Andrey K W
139,1,eh bg buat konten kocak lah biar ngakak nantonya pek sendiri,V
140,0,bang bkinin yg part ii dong bang,mhuchlizt jr.
141,1,kalo muka erik kaya kontol gue setuju so erik niat ngehibur anjing sesimple itu tapi pikiran lo low nonton kemana anjing jadi lo haters erik and erik sama muka kontol,ROOTS ANIMATE
142,1,kontolmu cilik,Hilih Kintil
143,0,bang kapan buat musik baru yg keren,Adil Pratama
144,0,yg ngehate lu pada munafik rik pdhal smuanya karna iri gabisa jdi jelek kyk lu,Melvin Marbun
145,0,syalom mas erick,REY ROY
146,1,lagian apa guna nya hater begooo haters memek,Tegar Rizman
147,1,erickontol,chanell pendidikan
148,0,haters sumber uang mantep rik,Azriel Golay
149,1,dasar haters  banyak bacot ga bisa apa aarna iri gabisa jdi jelek kyk lu,Ivander Lael
150,1,anjir ngakak banyak bacot ga bisa apa aarna iri gabisa jdi jelek kyk lu,Shifa Layla
151,0,rik gw request makanan yng gak berfaedah  aarna iri gabisa jdi jelek kyk lu,raka acl
152,1,makan jembut lagi dong,Andriy M
153,1,anjing ni orang,kapten adeung
154,0,ga urusan erick banyak haters gua bakal jadi fans setia lu bang,BADBADASS TV
155,1,bachott eek anak anjing,Komang Widya Putra
156,1,yang bilang eriko lim itu orang tolol berarti dia juga tolaol lu juga belum tentu pinter heters ngentot,Hasbi As shidiqi
157,0,part ditunggu,Fajar Ramadhan
158,1,"kenapa mem k bisa ngilu 
hwhwhwh",RiiEZ Liet
159,1,saya suka konten yang kak lim uploadberarti dia juga tolaol lu juga belum tentu pinter heters ngentot,daz gaming
160,1,f cking stupid boy,Suzanne Fanny
161,1,"bang ericko agamanya pa y aaa 

lmao",Mahardika Persada
162,0,bang coba lo bikin flog masuk greja,novita oroh
163,1,anjing kontol gue dukung lu eriko,Mega Ariesta
164,1,membaca komen nya orang goblok ternyata seru juga v,Abyan Daffa
165,1,gw cuman nonton lu bukan subs and like lu kntl,Ahmad Zidan
166,0,erik ganteng kok kalo diliat dari jauh,Ahmad Zidan
167,0,gua gak suka lu lu perusak generasi bangsa woy ngomong kotor gak sopan sebab itu youtuber kesukaan gua miawaug ama jessnolimit,Auryn Nugraha
168,0,"apa itu fans tertunda 
gue kenal u juga gk 
ngapain gue kenal u
u gk kenal gue anjir",Ryodan gird squad
169,0,fans yang tertunda kyk pernah denger dari skinnyfabs wkwkw,Jason AJA
170,1,yee tolo kalean udah tau ga berfaedah masih ditonton aja,Nurunaru 225
171,0,makin scroll comment makin banyak yg sok suci v,Adam Ridiansyah
173,0,woiii collab sama arap,Veronique La Bella
174,0,bang,Veronique La Bella
175,0,plis collab sama arap,Veronique La Bella
176,0,bang collab sama rap bang ih,Veronique La Bella
177,0,bang collab sama arap bang,Veronique La Bella
178,0,yang sabar bang,rasya45gaming lol
179,0,soapers bang,D15ylan Raiza
180,1,"bodoamat njinggg sama eriko tapi lebih bodo para heter lu njingg 


anjing pokoknya lu yg dibully ending nya orang lain yg cringe 

keepstrong njinggg erikolim",FAKEcana 13
181,0,ngakak bang liat ini,Alvin Rezasaputra
182,0,wkwkwkwk i love you ericko lim,Gema Samudra Habil Febrian
183,0,"nyesel gua nontonin ni video menit 







 gaada adegan ngentot nya ternyata",Bukan Putra
184,0,"liat konten yang terlalu normal jg kadang membosankan jdi ya kadang tujuan mampir ke konten yg unnormal kek gni ya jg salah satu asupan hiburan prinsip dan cara orang beda buat ngibur viewers nya dan mungkin ya kek gnilah cara si erick buat ngibur lo pada 
itu semua balik lg ke diri lo sendiri masing resiko lo kalo emg blm ckup dewasa buat bedain mna sisi baik atau sisi positif dari konten dia yg bisa lo cerna mending ga usah ditonton daripada lo cm bs nilai konten dia dr sisi negatifnya buang waktu menit lu yang pdhal bs diabisin buat ntonin konten lain dll dan buang tenaga jari liar lu buat ngehujat dia dan apa untungnya juga buat lu wkkk malah dia yg untung lu yang buntung v",Aisyah Ninditha
185,0,lim lu kalo ngomong nyelon baru bagus,Aditya Romadhoni
186,0,"gw mah sub lu cuma buat nonton video lu doang 
lu mau di bully atau di puja puja gw gak peduli 
yang penting gw mah nonton video lu doang",ReKaLion Al-tair
187,0,lanjut aja buat konten unfaedah gua seneng kok lihat itu v,Dolar teguh
188,0,chanel motivasi keluarga,Syahrul Syarif
189,0,mantap kali bang,REY ROY
190,1,awokwo tai kucing manis d,Safei_ Khocoy
191,0,keren hahha keren wow,fathul mrd
192,0,"itu yang bilang g mutu bokep di youtube aja ada dan laris lu diem aja 
wkwkwkwk maksud lo bokep berfaedah dan bermutu",Yfn Walker
193,1,wkwkwkw anjg ngakak w ma komenan haters nya v,Yfn Walker
194,1,ajg fans yg tertundaan apaan ajg najis,Beat Fi
195,1,"chanel peler kesayangan yuhuuu erkontolim 
soaploverss mana suaranya",Last KING
196,1,gw suka kontes lu gara lucu rik santai aja yg haters itu pd bocah ngentod smua,Diaz Baru
197,1,eh erikontol video lu keren cuk ntai aja yg haters itu pd bocah ngentod smua,MADDOG DMAN
198,1,ngakak mulu gw kali liat video ini aja yg haters itu pd bocah ngentod smua,SKATE PUNK99
199,1,bener bang elu elu itu udah has sama omong jorok lu  bocah ngentod smua,nur hikmah dwi lestari hikmah
200,0,keren bang,Arga Achmad
201,0,"asal kalian tau banyak youtuber temennya erick bilang kalo erick itu aslinya baik 
so jangan ngejugde orang dari luar doang kontol",Benny pakarti
202,0,biasalah normy kan otaknya dangkal akowkowkwow,sultan -fajaru
203,0,klo ga suka ga usah nonton semudah itu anj nggg,Figar Alif
204,1,mautaunamasaya cariajasendiri gua gak peduli lagi ama dia biarin aja kominfo tau youtube diblokir lama lama bnyk yg laporin ntol,Auryn Nugraha
205,1,dia cuma menghibur kontol lo ga suka ga usah mampir kesini goblok save erikontolim,Mautaunamasaya Cariajasendiri
206,1,mantap bang gua suka gaya luu tetep stay cool aja bangni goblok save erikontolim,komang arnawaaa
207,0,that s why i subs you rick,Dendy Sakti Anugerah
208,0,gw dukung lu kok bang sans ajh ngadepin haters stres kek mreka,Nata _
209,0,banting semua haters bang h ngadepin haters stres kek mreka,Vicocchi Seijuro
210,0,gua setuju lu ganteng,Cooper Brand
211,1,tuh bang erik tuh cuma mau bikin lu asik gituuu goblok lo hatters,Yafie Zain
212,0,"gua dukung luh rik terus berkarya yg loh bisa 
biarin heters ngomong apah anggap aja heters ituh anak setan anak dajal tai anjing",Anwar Bjkfals
213,0,bang unbox iron man mark bang,ARYA tokusatsu
214,0,haters tapi pasti lagi nonton video ini,IqxandGamer
215,0,bagian akir video gw setuju gw subs channel lu lu main franco lagi saingan skill hook sama wolf xotik,Ian krisna
216,0,bang colab sama corygore  gw subs channel lu lu main franco lagi saingan skill hook sama wolf xotik,althaf sheva
217,0,y,JAJANAN WAR03NG
218,1,cintai kont l mu nonton kimi tiap hari,Ipang-sweets Ipang-smity
219,0,mantap  l mu nonton kimi tiap hari,Bakti Zurishadai
220,1,bacot buncit,Ferdi Maulana
221,1,wkwkwk,Rez4 4pr1l14No
222,0,"gue dukung lo rick 





anjing lo",cristopher juanvernado minecraft
223,1,intinya lu sampah ngera anjing lu kontol,paokGaming Channel
224,0,"gue cuma mo ngomong 

kalo lu itu 
hm

lo itu 

lo itu orang goblok 
yang pernah ada 



udah gitu aja

salam shoapers",Bobcill Yk
225,1,"memek ngilu anjing

kalo lu itu 
hm

lo itu 

lo itu orang goblok 
yang pernah ada 



udah gitu aja

salam shoapers",Rangga Ryan
226,1,gua suka sama lu karena lu ngeres kyk gua haha suka bilang memek kontol dan sebagainya,Rikaf 255
227,1,mantapu karena lu ngeres kyk gua haha suka bilang memek kontol dan sebagainya,Firdaus Kediri
228,0,bang sensor yg jorok nya donkkkkk,Calista Angelina
231,1,taek haters,DRM GAMING
232,0,bang masukin komenan gua ke you tube lu wkwkwk,Mhmd Taufik R
233,0,heeh cing sabar w,Mhmd Taufik R
234,0,v,R E I N A
235,0,ributin yuu haters rick di ajak ketemu kicep haters jaman sekarang lemah,Deni Oktavian Aditama
236,0,bang muka lu ganteng gua ajak ketemu kicep haters jaman sekarang lemah,meilan chanaya
237,0,lebih lucuan hate komen ketimbang kinten lu rick v,MUNKY
238,1,konten lu ngikutin filthyfrank anjing,david atmadja
239,0,ngomong di coment bisa kalo mau ngomong depanya jadi haters tuh harus berani masa ngomong dicoment,Driyan Ahyar Prasaja
240,0,suka bngt,Amin Abbas
241,0,lcu,Amin Abbas
242,0,ya bener lah buat video harus mendidik karena yg nonton itu pada di bawah umur anak kecil kids kodomo you know,Ahmadkardian Suryana
243,0,comment hatter membuat lebih baik tapi kapan,Ahmadkardian Suryana
244,1,erickontol gua jadi subs lo gara gara video ini gila ngentot lain kali makan jembut pacar lu ya njing,100 Subscribes with no videos Please
245,1,anjingg erick gila pro bgt bikin org ngakak v,David Wijaya
246,0,be patient bb,Cindy Morris
247,0,hii kimi hime,Irfandi Maulana
248,1,mereka gak menghina kamu ka tapi ngomong nya aja  di jaga Kin kali makan jembut pacar lu ya njing,Jeremia Axl
249,1,eriko my inspirasi gokiltapi ngomong nya aja  di jaga Kin kali makan jembut pacar lu ya njing,Lian Pratama
250,1,hatersnya mulutnya pedis  yg sabar yaa dan terus semangat beryoutube  jembut pacar lu ya njing,Fernando Sibit
251,0,"channel gaguna 
this is channel pendidikan v",Uvuvwevwevweonyetenwevwe Ubwemubwem-osas
252,0,berbau gore wkwk,Tjrks Coffeerock
253,0,jangan kemakan omongan orang bang tetep berkarya bang walaupun konteng lu toxic tapi disitu gw ketawa ngakak dimana gw lagi kesel gw buka channel lu langsung ketawa ngakak gara toxic lu bang,Angga Dwi Primantara
254,1,chenel lo itu gkada manfaatnya kontol,Alexander Dustin
255,0,gue sebagai hatters yg komen terus di setiap videonya kok gk di bacain di video ini,Dikashandika
256,1,sabar ya njink,Irland OR
257,0,mending ngopi,Asya skater
258,0,"kadal kegencet 

wkwkwkwkw",Putra Bayu
259,0,apa cuma gua yg disini kalok nontn chanelnya eric harus pakek henset biar gk kedengeran org yg di dekat gua wkwkk gw lagi kesel gw buka channel lu langsung ketawa ngakak gara toxic lu bang,ANDRA DPA
260,0,gua udah subscribe bang menurut gua soapking is the best,Andi Subondo
261,1,eric kontol yeah i don t care about that but ha ha it s so funny biar gk kedengeran org yg di dekat gua wkwkk gw lagi kesel gw buka channel lu langsung ketawa ngakak gara toxic lu bang,EA electronic art
262,0,bang tobat yuk,Daffa Ganteng
263,0,buat vidio b k p auto bersatu haters,Calvin Karna Calvin
264,0,haters ngebuat vidio pasti di haters lagi sama temannya nya haters,Calvin Karna Calvin
265,0,arap aja tatoan,Lucky Kurniawan
266,1,kalo gak suka jangan tonton anjing susah amat tolol emang netizen indonesia just for fun video bang erick ahhh kontol netizen indonesia pasti jomblo abadi yang haters ericko,I'mFanny
267,0,terus berkreasi rick walau banyak hetersnya v,Rifai Jan
268,1,wkwkwk ngakak anjirrr v,Ella Juwita
269,1,lu bikin konten bokep gabakal ada haters bang,RizalAF Channel
270,1,hmmmm bau mmq v,Naa IX
271,0,iye uya kuya,Jason Lambert
272,0,kirim diamod kak,Anggita Anggraeni
273,1,ericolim ky kontol matiin aj sek mak km,Ahcmad Eryan
274,1,erickontol jembud,Biima *
275,0,gud v,Mr Fox
276,1,gausah di perduliin bang anji k mmng haterss fuck,Dani MV
277,1,fakta nya eric lebih bisa bergaul dan deket sama orang dan grup sebelah mana lebih deket sama orang gak nyatanya kehilangan temen wkwkwk fuck,Fajar ardianto
278,0,hai erpan,Sharif Hashim
279,1,gua baru sadar soapers itu para pengguna sabun hahahahahahahah coli terus sampe abis,Pras Syafna
280,1,video lama yg belum di upload terus baru di upload anjirr,DashKid
281,1,coba bikin video lu ngentot sama ody peler lu kan kecil,Paijo Tok
282,0,bang kapan sehat,Rizki Riyanto
283,1,yang haters erico fuck fuck fuck,illaty maz
284,1,babi aer haters,alex no limit
285,0,i love you jess no limit,Alvin Oei
286,1,budek kuping gw ajg,Shioru
287,1,ect ericontol,Ju Bet
288,1,kontol daki lo tuh urus woi,Tedy Sofyan
289,1,ntol daki lo tuh urus woi,AR 28
290,0,jangan nilai orang karna luarnya aja belum tentu kita lebih baik dari dia,Ahmad Fahrizal
291,1,erickontollim,THREEINSOMNIAC
292,1,erickontollim,THREEINSOMNIAC
293,1,jancokk  wkwkwkg karna luarnya aja belum tentu kita lebih baik dari dia,ENDY TRAVEL
294,0,udah kebal terhadap hater erickontoruuuu,kotohana san
295,0,hatersnya lucu lucu pada gaje semua hahahahaha ohh iya lo ganteng rick,WiseCat
296,0,woiii haters sekalian coba kalian jangan ngechat yang tidak baik,YT CP Official
297,0,qw pngin beli baju shoapking a lel gmna cra beli a lel,Gas Njeblug123
298,1,ngakak bgsd v,Fatkhan Akhmad
299,1,hahaahahangakak gua jing good vid cra beli a lel,Jenny Tan
300,0,"kenapa gw suka lu karna gw suka cara lu nanggepin para haters 

sukses terus rick 

anti skip skip club",Rivaldy Gunawan
301,1,"mo ngehate tapi mo nonton
haters anjink toloo",LIQUID DASH
302,1,erikontol terjebud love you lah njink loo,Bew wox
303,1,cari content tuh bukan makan jembut kontol,Areo Gaming
304,1,menit gua terbuang anjink,aih mana ada
305,0,niat amat comen ngehina panjang lebar l,yohanda malik
306,1,muka loh kaya sampah anjing goblok tai nangsat babi,Anwar Bjkfals
307,1,jaman sekarang anak masih bau seperma ajah udah nonton bokep goblok udh hilang aturan gituan anjing,Anwar Bjkfals
308,1,tereein kontolic,alfa gaming
309,1,panutan  btw ka eric ganteng erma ajah udah nonton bokep goblok udh hilang aturan gituan anjing,Nanda Laoma
310,1,semakin lu pada ngina dia semakin bnyak lagi uangnya bokep goblok udh hilang aturan gituan anjing,Bima Kacili
311,1,sumpah rikmukalokayakontolkejepitdanlojangansoksuci kerenmasihneteaja,mardianto tanjung
312,1,hili kintil,HEROZIN 100
313,0,mending uang nya buat gua v buat paketan paketan w sekarat neehh v,Anonymous ID
314,0,hai bang erickolim hime hime,Steven Tv
315,0,gudd bang rick gua belain lo bg rik,Dash Prabowo
316,1,mana nihh yang ngehate gua cari di komen kaga ada anjinggg,rio mahendra
317,0,sok suci,Gavin Erol
318,1,erick kolim kaya tai,Gavin Erol
319,0,gw ga suka sam si erick tapi ngakak anjir v,Puja Godhil
320,1,sumpah ngakak  lanjutkan eric mantr v,Arya Pamungkas
321,0,gue dukung lo erikkontolim,Gile lu Anjay
322,0,saran w bahasa lo klo bisa di jaga karena bahasa lo ga mendidik bgt coba lo bikin conten yg positif tks,Ryan Frayogi
323,0,semangat terus bang lupain haters yg g guna anggep aja itu cuma angin lewat in conten yg positif tks,anak mama
324,0,njir ngukuk gw konten lu bang parah tapi gw paling terharu pas liat closing lu tdi kata nya itu loh   kehilangan temen wkwkwk fuck,Saputra Rizki
325,0,"ok kak eriko makan jembut sekali lagi dong 
ku dukung biar tambah semangat semangat 
nya itu loh   kehilangan temen wkwkwk fuck",Asmo Ismanto
326,0,"ya gua harap si viewers lu bisa baca masukan dari gua si rik sebagai perwakilan mulut lu karna gua bagian dari subscriber lu 
sebenernya orang semacem ericko lim pasti ada tujuan dan maksut di setiap content video video nya mungkin emang sedikit gak pantes soal ngmng kontol karna emang lu sendiri yang kek kontol coba lu think smart buat saring video nya kita mulai dari masalah content keseharian nya dia tentang hal yang bener bener masuk akal dan bisa di bilang bener bener tolol bego dongo iya alasan nya kenapa lu komen gitu karna lo gatau gimana rasanya cari duit secape apa lagian bener kata erick lu sendiri punya otak dan akal sehat kalau itu kurang pantes ya lu harus pikir secara mandiri laah lu punya otak lu punya akal kenapa harus erick juga yang ngajarin jujur seharus nya lu harus mikir masalah youtube rewind ini gua sebagai subscriber doang kadang bener bener gaabis mikir sama perjuangan ericko lim yaa gua yakin buat lu haters pada karna lu benci erik lu pasti dipihak anyo haha alias abang rapyourberak 
seberapa dewasa nya erik boy buat nge dm ke si rezaarap ya gua gak perlu jelasin lagi kali ya mungkin lu harus tonton video langsung aja youtube rewind gak ada dan itu bener bener ada di tangan nya reza arap apa yang dia perjuangin buat youtube rewind dia cuman belaga kalau dia seakan akan raja raja yang bakalan mengatur segala nya tentang youtube bro pls dont give a fuck manusia kek gitu inti point penting nya aja lu harus bener bener jadi viewers yang smartthink kalau lu benci erick lu gak usah nonton video dia kalau lu benci dia tapi lu nonton dia sama lu itu munafik kenapa lu bisa kasih komentar haters ke erik karna lo nonton coba lo gak nonton pake otak makanya",NZ7B Zth
327,0,makan jemboet,yoke agustiranda
328,0,"semua penampilan lo sifat lo yg skrg dan gaya lo yg sok semangat karena ada hatters gue tau lu cuman bangga dari adsense kan yg saya pikir apakah lu itu lemah uang segitu bisa buat lu kaya gini udah macam bukan manusia mungkin tapi 
hwkwkwkwk lemah lemah",tauhid qalbi321
329,1,ericko kontol lim,BAKSO BORAX
330,0,"lanjut terus rick sifat lo yg skrg dan gaya lo yg sok semangat karena ada hatters gue tau lu cuman bangga dari adsense kan yg saya pikir apakah lu itu lemah uang segitu bisa buat lu kaya gini udah macam bukan manusia mungkin tapi 
hwkwkwkwk lemah lemah",Idham Achmad Rian
331,0,gua soapers,qaka qaswaini Rahaman Qaka Qaswaini rahman
332,1,channel nggak bermutu tp knp pd nntn anjing,Rizal Muliadi
333,1,gw terhibur tapi pas yang di atas ngomong kontol jembut bangsat dan yang lainnya gw agak jyjyk ea padahal gw juga sering sih ngomong kek gtu apa itu artinya gw anak kontol,WA CHenel NG
334,1,rik emang sih muka lu kaya kontol kelakuanlu kaya kampang tapi karna kekontolan lu dan kekapmpanganlu itu yg buat gw suka karna chanel lu beda dari yg lain,chool battle
335,0,haters uang,ruhul ghhn
336,1,lo kayak anjing bang ricooo biarin heters yang kayak lipetan kontol itu goblok wkwkw,Aldrin Drin
337,0,bilangin haters nya bang intinya gua dapet duit,gaspol
338,0,"stju rik
kalo gw si tiap nntn video lu
cuma ambil yg kocak nya aj
negatif nya gua buang
smngt rik",akuro rasbarry
339,0,"gw subscribe chanel lu x bang 
kurang baik apa coba gw",halim halim
340,0,mantep bang hanya chanel elu yang mendidik hehe,BaGaS Ap
341,0,"kalau ngak suka 
ngapain kalian nonton kontol 

 berkarya bang 
 dukung channel lu",Clash Royale
342,0,"saya suka ericko lim 







tapi bohong hiyahiyahiyahiyaukung channel lu",Rendy Rush
343,0,udah deh youtubers udah susah ngedit bikin motifasi modal ngapain sih di susahin lagi di komentar mereka gunain kata bijak tapi mereka bodoh,Kambing Kok Gaming
344,0,cina nerd pake kacamata,Si Bull
345,0,"rick duet sama eno bening dong 
kyknya bakalan asyik tuh
wkwkwkwk",Mori Abdul Hakim
346,1,"haters pembawa berkah cok hahahah
 shoapking hahhaha",sintia rahimah
347,0,cenel ter aneh,Saputra Zed
348,1,erickolim toxic kayak anjeng auto unsubs aja babi yang setuju like,Vexeus GT
349,0,panutan ni mah,Indra Ramadhan711
350,0,emng gk pantes luuu buka project youtube rewind gk ad pntes nya,Rizki Juliansyah
351,1,mati aj lu bngsat yg subrcibe lu ya emng gblok smua pling gk ngrti agama smua chanel lu anjing,Rizki Juliansyah
352,1,mati aj lu bngsaat sesat chanel lu anjing,Rizki Juliansyah
353,1,gk ad bgus nya chanel lu bngsat plagiat dri reza arap reza arap ad bagusnya sosialnya bgus lu apaan bngsat chanel friendly dimna nya anjing dimna ad mnghbur nya bngsaat,Rizki Juliansyah
354,1,ini chanel hiburan bukan chanel pendidikan kalo lu suka tonton kalo ga suka jangan ditonton semudah itu aja masih pada kebanyakan bacot,ghu dhel
355,0,gw punya kapten dia bilang gua gak punya sayap tapi mirip malaikat sekarang dia sudah pergi ke hidupnya semoga kapten di sana bahagia dengan kehidupan barunya i love capt,JCREW Tv
356,1,love u bgst ,deklaudia geraldine
357,0,"mending lo ngomong kotor kurangin deh 
yang setuju like",Tigerpo
358,0,gw subscribe buat ngebully lu rik hehehe gpp kan like,daniel faiz
359,1,serah dia lah mau buat vidio apa bego,Nathan Gaming
360,0,tolong kata kata kasar nya di sensor biar gal ada anak kecil yang liat saran aku,Fery Hobbies
362,1,"lanjutin bro 

hidup kaum soapers 


ululululululululululu salam memex ngilu",adeknya jembot
363,0,bug bug bug,Frq Faruq
364,0,semua di sekolah gue ngatain gue toxic gara keseringan nonton channel elu wkwkwkwk,NAYAZI
365,1,jangan ngaruh ama hujatan haters koh erik lu ga perlu d bully jg udah dongo sendiri kok ga ad lagi yutuber tolol kaya lu lg d dunia peryutuban ini tetaplah mjd yutuber paling anjin gw dukung lu koh,Tomy Martin
366,1,"rick muka lo kaya kontol udah gitu aja
 u ga perlu d bully jg udah dongo sendiri kok ga ad lagi yutuber tolol kaya lu lg d dunia peryutuban ini tetaplah mjd yutuber paling anjin gw dukung lu koh",ERLANGGA Channel
367,0,hahahah netijen netijen,HDAAJ. Prank
368,0,"bang keep it up orang cuma bisa ngeliat dri sisi buruk doang tpi sebner nya mereka gk tau kebaikan lo 
inget bang kata alu nothing last forever we can change the future",ItsNias
369,1,bang saran ajh itu semua pada nge hina luh doang gk ush di denger kontol wk pada nge hina doang tapi muka nya munafik kan kebanyakan gituh,Firgi Awan
370,1,mem k ngilu anjing weh bang ngakak kontol wk,Firgi Awan
371,1,"sengat bang erick w tau walau mulut lo n klakuan lo kaya kontol tapi hati lo baik bet 
btw oddy dh lu kentot blom",Dicky yogasaputra
372,0,bg erik bikin vidio mantap jiwa part dong bg,Rihaz akbar
373,1,ga usah di peduliin haters rick kontol buat konten bokep napa anjing,Fairlangga Gituh
374,1,fuck youu yg bulllt rick,Muh.alzaky07 zaky07
375,1,"maha benar netijen 
dengan segala bacotannya v",Akira Yuki
376,1,ikeh ikeh khimochie ngan segala bacotannya v,Fan Shinoda
377,0,"haters ma gitu bang eric maklumin aj padahal mereka sendiri aj belum sempurna buat para haterss jgn suka ngebully org sembarangan kalau diri lu aj masih gk terurus kalau terurus plngn org tua yg ngurusin 

 semangat bang eric jgn peduli apa kata haters yg penting lu bikin konten yg keren aj kami pasti tetep dukung lo bang",Adrian Ktp
378,0,"ters ma gitu bang eric maklumin aj padahal mereka sendiri aj belum sempurna buat para haterss jgn suka ngebully org sembarangan kalau diri lu aj masih gk terurus kalau terurus plngn org tua yg ngurusin 

 semangat bang eric jgn peduli apa kata haters yg penting lu bikin konten yg keren aj kami pasti tetep dukung lo bang",Nijar f
379,0,bang kenapa sih lo ngehibur orang dan orangnya happy tapi lo kayak gitu di youtube malah jelek,Jonathan offical
380,0,nonton pake headset volume pol in lebih greget ea,Fahmooy !
381,0,sabar ya bang,orang Yunita
382,1,gua punya kontol,Aprilian Pratama
383,0,bang bikin konten game lg dong saran doang si,Ferdinand Lunardy
385,1,lu bilang suruh sopan lu aja ngomong nya ga sopan punya otak ga sih,Afkar Farabi
386,0,v,Octaav viaaa
387,1,ngentoooood,fadhlur rahman
388,1,yang ngabcotin erick emang lo semua bisa seperti dia lu masih minta duit sama orng tua pada bacot sukses terus lim abaikan heters terus aja berkarya semoga youtube rewind sukses bro,al Kamil
389,0,lucu wkkwkw muter bhasanya pintar,Calory Calory
390,1,slow bang msih ada soaper yg slalu bela loerti dia lu masih minta duit sama orng tua pada bacot sukses terus lim abaikan heters terus aja berkarya semoga youtube rewind sukses bro,Syahrudin N
391,0,yang sabar bang ericko,Aldo Nazta
392,0,hahahah hetersnya erick anak haram hahahah,LIMIT FNY
393,1,mantap coegnya erick anak haram hahahah,Yuli fitri fitri Dutasenasena
394,0,ganteng si emang mnrt gw hahahaha,Nanda Queena
395,0,gw suka gayalo babyk awto subscribe,dilga dafly
396,1,muka cem kontol,Yoga Prahmana
397,1,"haters bacot suruh tutup akun channel lu 

lu bilang aja emang bikin channel yt sampe jt subs itu semudah menghapus channel gak mampu bikin channel yt terkenal diem aja",dafa henryan
398,0,supaya terkenal kali ya,lhow to hack money and diamond
399,0,eric ganteng v,LAGI VIRAL
400,1,sebenernya gua gk suka sama lu rik tapi semenjak saya pantau ketololan dan kegoblokan lu gua jdi suka yaa bangsad i like kegoblokn yg unfaedaah muehehe v,Rosit AR
401,0,hater gonna hate bro,Ses asli enak
402,0,"lu kaya juga dari hater 

hater tetep hater bro",Ses asli enak
403,0,ngomong nya merusak bangsa koq bnyak sub yah heran jg saya,UJANG OPI
404,0,saran gua ya bang jari memegangi api itu panas bang pasti gk tahan menahannya menit apalagi api neraka menahani hari panas sekali kan tobat wooy tobat sebelum nafas masih ada,Alfatih Syahbana
405,0,"haters fans yang tertunda
fans haters yang tertunda
betul gak",Rasen Kurniawan
406,0,sabar bang,Angga Ananda
407,0,"gila lu rik

 soapers",mario toni
408,0,semangat bangoapers,Bang Jim Belitong
409,1,woi ajing lu ngntot sama anjink sana lu gk usah ngenantang fens erickolim,alfa gaming
410,1,lu ajah unsub anjengg gblok gw suka sama org ini saya hatter eriko lim sampe mati lanjutkan ericko lim semoga sukses,Zaki Ganteng
411,0,awas ntar jadi musryik,Galih Pramoda
412,1,toooooloooool,Chill Dust
413,0,yaelah,LIANG BRO2
414,0,up up v,but zard
415,0,kalok gk suka gk usah di toton,alfa gaming
416,1,channel gak berfaedah anjink makanya gua like dan subscribe channel lu k ntol,the Wizteria
417,1,m subs berani gak masukin bo cabe ke kontol lu v wkwokw,Asede Kuntul69
418,1,fuck you haters v,kocak Gaming
419,1,mkan tuh anjing bangsat eric kontollllllllll wkwkwkwkwkwkwkwkwkwkwkwkwkw,Razer Yulistian1929
420,1,"buat para haters 
emang lo bisa berkarya 
haters memek v",Gusti Farhan Alfath
421,0,bang coba bikin chanell elo tanpa toxic,bocil tv bocah berkreasi
422,1,ngakak njirr,ReGaNNX
423,1,luh gg bang di buly tapi luh konyol ajggg,Ludfi Panuntun
424,1,semangat bang terus berkarya biarin ajja tuh anjing berkoar lo tetep berkarya semangat bang,Yogi Pratama
425,1,banyak bacot lu erikontol idup cumn bikin sempit bumi doang anjing,Echa 2582
426,0,nyimak,Aditya Pratama
427,0,wkwkwkw ngakak sama bocah ada yang jual agama lagi,renaldi fj
428,1,haters kontol,erpan1140 fans
429,0,gw bocah bang,Ahmad Haikal
430,1,netizen kontol,Muhamad Arthur
431,1,eh haters kontol nonton sampai habis vidionya sebelum bacot di coment bangsat gini gini dia waras njir,Andhika Jusuf
432,1,"gua orng indo jadi gua cuma liat judul doang v
sorry ya kak bukan ngehina atau sok tau tapi emng rata rata haters itu jahat mana ada hatters baik kalo baik namanya fans anjeeeenk",Hi Channel
433,1,banyak bacot luh goblok,Bagus Chenell
434,1,rik luh sebenar nya youtuber paling goblok sedunia,Bagus Chenell
435,1,yg like mendukung erikontol,Cinto Iam
436,0,masih banyak orang yg terhibur sama konten yt lu bang,Muhammad Ridho
437,0,lol,Bintang Mokoginta
438,0,komen pertama kocak parahr sama konten yt lu bang,iia Adel
439,0,semangat terus bang jangan putus asa,spongeboob gaming
440,1,"haters kok jahat 
tenang bang gua selalu ngedukung lo
jangan dengarin tu kata haters kontol",Mhmmd Rafly
441,0,no toxic no erick wkkke,Elang Pratama
442,0,gue lumayan suka sama bang ericko karna dia seagama sama gue dan sebenernya bang ericko itu orang baik cuma penampilan di layar aja kayak gitu,Dark.Noire
443,1,"heters kok kontol 
 rick gua belain lu 
 soapers nih
 mendidik kok dikira maksa 
 bener rick kata lu lu selalu di omongin temen gua",Terbalik Gaming
444,1,"ters kok kontol 
 rick gua belain lu 
 soapers nih
 mendidik kok dikira maksa 
 bener rick kata lu lu selalu di omongin temen gua",Gamer Moba Flayer Fadli
445,1,"ngakak gua ngentot babi lu bang ampe naber gua tawa mlu idik kok dikira maksa 
 bener rick kata lu lu selalu di omongin temen gua",Angelica Violadita
446,0,bener tu kata hatters,FUGUH GAMING
447,0,gua malah terhibur sama bang erickkk,zl GOH
448,1,"hahahhaa anjinkkk ngakak bangzatttaber gua tawa mlu idik kok dikira maksa 
 bener rick kata lu lu selalu di omongin temen gua",Muhammad Dicky Fajar
449,0,pap tt kak kimmy,Haikal Gaming
450,1,halah itu haters lo pansos tuh komennya muncul di channel lo paling dah nyinyir seneng dsr bicaranya sok bener ngomongnya pake anji g kont,Firstcho Bagus Malviano
451,1,gue heters lu emang knp kymakkk,azunyan chenel
452,0,bang hapus dong chanel lu bang,Habibi 44
453,1,gak suka ya gak suka kaleee jangan ngebully karya orang woyy setidaknya eric udah berusaha nghibur lo pada hatters tolol,Booyah No BarBar
454,0,wajar ada hates tanda nya lu terkenal,Aku Bapakmu
455,1,hater emang musuh pertama dibumi ericko lim anda jgn membela diri bhwa hater adalah fans sejati hater is fcking hate u dude tahukan anda iblis ituu hater pertama didunia ini,Solo Or Team
456,0,"keep calm

haters lu membawa keuntungan",uray gaming
457,1,oh shittt motherfucker kontolimmgan,dian tara
458,1,buat haters ericko kontol lu pada,Muhammad Juan
459,1,untung gua lahir gak jamannya mecin kaya lu kelakuan lu kaya bnr org diotisme omongan lu rasis ini sosial media banyak org yang nonton goblok di pelihara,Ardi Kechaw
460,1,ajg gua harus koment apa aswww,Arbi 27
461,1,bgsd kau ferguso menit swww,Muhammad Rozan
462,0,tobat lah  kelakuan mu itu udah keluar batas ingat yang nonton bukan hanya orang dewasa anak kecil pun nonto mending ente hapus vidio berbahaya ituhara,Rhmn xlZ
463,1,kalo mggak suka gak usahnonton anjingggg,Eko Buwono
464,1,semangat bang sy soapers ton anjingggg,Faiq Bagus
465,1,ngakak gua bang nonton nyaon anjingggg,Muhamad Alwi
466,1,greget njir,dawi king
467,1,terhibur kimak sma lu rik trus maju dah sukses bwt lu erickohimehime v,Ada Aja
468,0,respect for you semangat terus bang,theblack devils
469,1,"wkwkwkwk 
yg hate keliatan org munafik tod 
tiba ngomong channel ga mendidik 
padahal pas lo di rumah sendiri nonton jav  hapus vidio berbahaya ituhara",GAMING SOUNDTRACK
470,0,sabar aja kalo begitu ludiemin aja ntar mekeka jaga malesnkaga ditanggepin komenya kalo ditanggepin ntar malah lanjutbtrus maap ga sub lu soal takut ketauan otu gw nonton begininsoal kalonsub keluar notivikasi lu buat vidio apa hheheh,Then Kim Lan
471,0,lol,Fire Oye
472,1,jgn hiraukan sama haters itu ajg,shigeo tokuda
473,1,jgn hiraukan sama haters itu ajg,shigeo tokuda
474,1,hahaha tidak ada larangan membuat konten yang tolol,Zaqi Avisena
475,1,erick kontol anjing gak usah kamu bikin vidio anjiiiiiiing,rafli nabila
476,1,bg go aheadanjing gak usah kamu bikin vidio anjiiiiiiing,faceQ Channel
477,0,gue bukan haters gue cuma gk suka konten toxic ginian,rohan the master
478,1,ngakak bgsters gue cuma gk suka konten toxic ginian,Tio shapa Dharmoko
479,0,slow ajh bang gw bantu elu wkwk gw bkn heter gw orng baik wkwk,Betran Valentino
480,0,klo tujuan lo buat ekspresikan fantasi subs lo buatin vidio incest ditunggu,nanda a
481,1,eric kontollllll,UJANG Faizal
482,0,well you re always entertaining so far although there s a lot of cancer things you ve been doing but u do really have a content for me erick just keep bitching up,Adil Utomo
483,1,kontoooool,Bayu Wanandasyahti
484,1,fuck the haters you still shine rick,Eternite G
485,0,seberapa banyak anak dibawah umur untuk menonton video ini,Mr. Sasuke Uchiha
486,0,soap king on the real mvp,muhammad saddam
487,1,"kembangkan tot gw dukung
sehari ngomong jorok brp banyak jink",alvan tino Rumah Horbo
488,0,erickolim panutanqu,Hosea Madao06
489,0,gua dukung lu lim,aep saepulloh
490,0,aku bela ericko lim mantap kali,L .S
491,1,nomor wa buat tanya cara coli dgn benar,L .S
492,0,nomoer wa kak ericko,L .S
493,1,ah dasar kontol kontol kontol kontol sama lu semua ngentot ngentot ngentot sama lu semua,ericko lim gblk
494,1,erick berapa ukuran kontol lo njing,Ane Santri
495,1,w bukan haters tapi w suka nonton eriko lem karna lucu mukanya kya kontol kecepit wkwkwk,Choco Handsome
496,1,"aku suka ericko karna roti jembut kratos jembutos
lucu bapa ericko 
semoga youtube bapa ericko bisa subcriber ya bangg semangat  me erick just keep bitching up",Andrian 17
497,1,bangsat,Si Ocong
498,1,"gua penggemar lu bangti jembut kratos jembutos
lucu bapa ericko 
semoga youtube bapa ericko bisa subcriber ya bangg semangat  me erick just keep bitching up",TRQ. JAYBRO27
499,0,sabar ya bang gk usah di masukan ke hati,EXE Channel
500,0,bang kapan verified,NvL :v
501,0,santai bang lu aneh tapi seruuuuuuu,Capitates
502,0,seterah kan di youtube kan bebas kalo udah kelawatan yah dihapus dari pihak youtube sendiri lah v,Hasan Kasei
503,0,gua subs lu sblm dri m bang gua suka ama konspirasi lu,taufik HIDAYAT
504,0,mantap gw suka cara loe,Z Laliqha
505,0,arap ke,Ahmad Rizaldo
506,1,ketemuan ama gua njing,Classic Game_
507,0,gw suka gaya lu rick,neko gaming
508,1,haha haters tolol haha muka palkon,neko gaming
509,0,keren bang wkwkwk tetep dalem pendirian bang rasi lu,Muchamadri_
510,1,bikin es kepal make peju erick ngentod,Randi Erlangga
511,1,goblok,A Muli
512,1,ga jelas tai video ga mendidik mending keren,Indrawan
513,0,gua kenal lu juga dari haters bang santai ae bang salam heters,Naufal Allam
514,0,wkwkwkwkw ceramah mode on wkwkwkw bukan hate komen loh saya semangat dah ye rik moga moga banyak rezeki tambah banyak subscribers lo biar bisa nyusul channel lain ok semangat,Zetorno Gamming
515,0,sabar ini ujian,Yusuf Asu
516,1,dihh bocah anjinggg lu aja belom ada sperma sok kerad anjing gat dah ye rik moga moga banyak rezeki tambah banyak subscribers lo biar bisa nyusul channel lain ok semangat,Nakal tapi tamvann
517,1,di doktrin chanel tolol nih bocah,Helle R
518,1,"ericko lim emg salah karena bikin video porno kek gitu kyk lagu ngeres dll kan gk baik sebenarnya haters ericko lim itu org yg gk ngeres cuma mereka mengeluarkan kata yg gk baik karena udh kesel sama ericko lim jadi ericko lim lah perusak generasi buah buah dan minuman normal aja udh jadi hal ngeres contoh pisang dan susu awalnya pisang dan susu hanya la cemilan normal gara gara ericko lim semuanya udh berubah dan dunia banyak org ngeres jadi haters ericko lim itu org yg kgk ngeres cuma dia ngomong kotor ke ericko lim karena sifatnya ngeres ibunya ericko lim nyesel ngelahirin ericko lim ericko lim masuk agama kristen kok gk pernah tobat dasar generasi sekarang dan lu ericko lim tobat lah sekarang sebelum terlambat 

edit gw tau agama ericko lim kristen karena anting anting mu yang kyk salasalah youtube rewind ini gua sebagai subscriber doang kadang bener bener gaabis mikir sama perjuangan ericko lim yaa gua yakin buat lu haters pada karna lu benci erik lu pasti dipihak anyo haha alias abang rapyourberak 
seberapa dewasa nya erik boy buat nge dm ke si rezaarap ya gua gak perlu jelasin lagi kali ya mungkin lu harus tonton video langsung aja youtube rewind gak ada dan itu bener bener ada di tangan nya reza arap apa yang dia perjuangin buat youtube rewind dia cuman belaga kalau dia seakan akan raja raja yang bakalan mengatur segala nya tentang youtube bro pls dont give a fuck manusia kek gitu inti point penting nya aja lu harus bener bener jadi viewers yang smartthink kalau lu benci erick lu gak usah nonton video dia kalau lu benci dia tapi lu nonton dia sama lu itu munafik kenapa lu bisa kasih komentar haters ke erik karna lo nonton coba lo gak nonton pake otak makanya",PuppyCorn Gaming
519,0,raihan haidar oh sorry bg,Gusti Farhan Alfath
520,0,"gusti farhan alfath duh dek bahasa jaga atuh gk ada etika agu ngeres dll kan gk baik sebenarnya haters ericko lim itu org yg gk ngeres cuma mereka mengeluarkan kata yg gk baik karena udh kesel sama ericko lim jadi ericko lim lah perusak generasi buah buah dan minuman normal aja udh jadi hal ngeres contoh pisang dan susu awalnya pisang dan susu hanya la cemilan normal gara gara ericko lim semuanya udh berubah dan dunia banyak org ngeres jadi haters ericko lim itu org yg kgk ngeres cuma dia ngomong kotor ke ericko lim karena sifatnya ngeres ibunya ericko lim nyesel ngelahirin ericko lim ericko lim masuk agama kristen kok gk pernah tobat dasar generasi sekarang dan lu ericko lim tobat lah sekarang sebelum terlambat 

edit gw tau agama ericko lim kristen karena anting anting mu yang kyk salasalah youtube rewind ini gua sebagai subscriber doang kadang bener bener gaabis mikir sama perjuangan ericko lim yaa gua yakin buat lu haters pada karna lu benci erik lu pasti dipihak anyo haha alias abang rapyourberak 
seberapa dewasa nya erik boy buat nge dm ke si rezaarap ya gua gak perlu jelasin lagi kali ya mungkin lu harus tonton video langsung aja youtube rewind gak ada dan itu bener bener ada di tangan nya reza arap apa yang dia perjuangin buat youtube rewind dia cuman belaga kalau dia seakan akan raja raja yang bakalan mengatur segala nya tentang youtube bro pls dont give a fuck manusia kek gitu inti point penting nya aja lu harus bener bener jadi viewers yang smartthink kalau lu benci erick lu gak usah nonton video dia kalau lu benci dia tapi lu nonton dia sama lu itu munafik kenapa lu bisa kasih komentar haters ke erik karna lo nonton coba lo gak nonton pake otak makanya",Raihan Haidar
521,0,oh kristen sama dong aku juga kristen,Sky Hxus
522,1,satanisme,Oktavianus Kia Libu
523,0,kristen kalau gak salah,Dark.Noire
524,0,dark noire emg agama ericko lim apa kalau boleh tau,Sky Hxus
525,0,plissss,Habibi 44
526,0,woy bales dong anak depok kan katanya kuat masa ga dibales,teguh Ramadhan
527,1,gpph goblok yang penting berkarya nah lu udh anak haram ngatain orang berkarya kgk mikir tolol,Wisnu Ajiw
528,0,bales dong mas jangan diem aja depok sebelah mana,teguh Ramadhan
529,0,sok jagoan ya merasa paling kuat dih malu in orang depok aja tod,Al Fapfap 87
530,0,depok mana mas,teguh Ramadhan
531,1,ente jg bocah ngapain sampe sini toddd,Rizky Alfian F
532,1,sok ngatur ngentod sub ajh hahah ngakak,Suwita Esports Gaming
533,0,lol sok suci,Suwita Esports Gaming
534,0,kan ini chenel friend family and pendidikan,DREAM _GAMING
535,0,anak haram,DREAM _GAMING
536,0,gg,Yusuf Asu
537,0,reading hate comment aja jadi duit what a genius,Artnimation Studio
538,1,tapi gw suka gaya loe anjink manusia jaman now ga usah peduliin yang benci loe jink,Ramdani Permana
539,1,haters emang gak punya otak ya goblok lagi,Muhamad Nurfitra Agung Riyadi
540,0,kok nyesek yah v,style GREGET
541,0,"kapan lagi gua nonton eksperimen gila dan bodoh yg gak bakal gua lakuin setidaknya gua terhibur dgn kebodohan lo rick dan gua ketawa ngetawain lo lu tolol sih tapi menghibur sih ena udh kesel sama ericko lim jadi ericko lim lah perusak generasi buah buah dan minuman normal aja udh jadi hal ngeres contoh pisang dan susu awalnya pisang dan susu hanya la cemilan normal gara gara ericko lim semuanya udh berubah dan dunia banyak org ngeres jadi haters ericko lim itu org yg kgk ngeres cuma dia ngomong kotor ke ericko lim karena sifatnya ngeres ibunya ericko lim nyesel ngelahirin ericko lim ericko lim masuk agama kristen kok gk pernah tobat dasar generasi sekarang dan lu ericko lim tobat lah sekarang sebelum terlambat 

edit gw tau agama ericko lim kristen karena anting anting mu yang kyk salasalah youtube rewind ini gua sebagai subscriber doang kadang bener bener gaabis mikir sama perjuangan ericko lim yaa gua yakin buat lu haters pada karna lu benci erik lu pasti dipihak anyo haha alias abang rapyourberak 
seberapa dewasa nya erik boy buat nge dm ke si rezaarap ya gua gak perlu jelasin lagi kali ya mungkin lu harus tonton video langsung aja youtube rewind gak ada dan itu bener bener ada di tangan nya reza arap apa yang dia perjuangin buat youtube rewind dia cuman belaga kalau dia seakan akan raja raja yang bakalan mengatur segala nya tentang youtube bro pls dont give a fuck manusia kek gitu inti point penting nya aja lu harus bener bener jadi viewers yang smartthink kalau lu benci erick lu gak usah nonton video dia kalau lu benci dia tapi lu nonton dia sama lu itu munafik kenapa lu bisa kasih komentar haters ke erik karna lo nonton coba lo gak nonton pake otak makanya",Indonesiaku 1945
542,0,"anj nk lu buncit ganteng dari mana nenen lu aja gede sm kimi hidung pesek kejepit toket 

dasar kont l waktu gua habis buat buat nontonin video lu yg ngk bermanfaat",saputra ragil
543,0,"heters berguna buat ngasilin duit 
gada duit ga bisa beli memek iya ga bang",Andika Pramana
544,0,be yourself aja rik emg palkon lu,Bebek Galak
545,0,inget boy ada neraka yg nunggu lo,rizki wardhana
546,0,auto ngakak g,JSM Official
547,1,ngakak anjengg sampe kontol ngilu,TZ Zxuan
548,1,hajar bang katain kontol ngentod biar dia tau kalo ngentod itu sadaapp v,Ade AR
549,1,"kenapa harus ngomong anjing loo anjig 
gak bisa lebih sopan dikit napa njing jancokkk lloo kasian generasi muda njing",jihad Fi sabilillah
550,1,netizen indonesia melelebihi bulu kintoll lu rick wkwkwan dikit napa njing jancokkk lloo kasian generasi muda njing,Novan Ferdiansyah
551,1,wanjir kaget wkwkkwkw ihi bulu kintoll lu rick wkwkwan dikit napa njing jancokkk lloo kasian generasi muda njing,Yudhianto Setiono
552,1,yang bego bukan lu bang yang bego meraka bilang ga berfaedah tapi di tonton bodoh gitu ama haters kontol,Rizky Maulana Al furqon
553,1,mantap anjing vidio lu wkwkw,Deris Kurniawan
554,1,sukses teruss motherfucker,Hndrawn Channel
555,1,kontol lu rick maen pb lagi ae  meraka bilang ga berfaedah tapi di tonton bodoh gitu ama haters kontol,Afan Khafani
556,0,berbau gore,cEddi3
557,1,ericko kontol,E2RAV19O 51
558,0,"gua cuma penikmat
hidup adsense meraka bilang ga berfaedah tapi di tonton bodoh gitu ama haters kontol",Fahrul Rozi
559,0,jaga sikap omongan lu syarat mati tidak harus tua sakit,Indra Permana
560,0,ka erick terkeren,Steven G
561,0,wkwkwkwkww gue demen bet gaya tengilnya ericko lim kalo ketemu boleh ga sih gue toyor palanya nih anak wkwkwkeke jaya terus rick ntonin video lu yg ngk bermanfaat,Febry Maulana GP
562,1,gwe jujur lu ganteng rick lu keren segila gila nya elu gwe terhibur kok gwe seneng liat konten konten kaya elu bikin ngakak asww wik wik wik,Faris Kurniawan
563,1,gua seneng kok sama bang erik kontol,rezaldy fahrul
564,0,emang pertamakali gw nonton yt kirik itu pas lagu susu kental manis sumpah gw dlm hati ini channel apaan tapi kesini agak krg toxic tapi msih aja,Swiki Mikis
565,0,we need part video like this,Reza Sasmita
566,1,kontol moga sukses lu memek,Leo- kun
567,0,wkwkw auto subscribe ni gw suka cara lu bahas hater comment mntp bang eri hati ini channel apaan tapi kesini agak krg toxic tapi msih aja,Elzro Yong
568,0,mereka terlalu serius nonton yt buat hiburan aja lah guys,The Burning Soda
569,0,gw paling benci ni chanel,Adelia syahfitri
570,0,"wkwkwkk selow in aja bg
subscribe lu ga bakal kurang",Areel Defima
571,0,jujur saja gua terhibur klo bang ericko lim bicara kasar,INDONESIA BERSATU
572,1,kontol lu ajin,BOCIL GAMING X
573,0,"bang kakak kelas gw 
ngefans sama lo",SREPET GAMING
574,0,sekali pun lu toxic gw tetep nge bela lu coy,yonathan lauwrens
575,0,erick gw support lu zanpe matj,SEVEN_ CROOS
576,1,tolol,Official KurJr
577,0,lu emang ganteng rik,Doni Damara
578,1,woi erickontol kebanyakan coly mukak palkon,Shakti Gaming17
579,0,ericko tetap di hati,Awan Seto
580,0,"walau bang erick banyak ngomong saru

di balik semua itu dia selalu memberi motivasi bagi kitael apaan tapi kesini agak krg toxic tapi msih aja",Game Over
581,0,lmao good boi,RyanandaBEST
582,1,awalnya gua benci tapi sekarang gua banyak belajar dari anying kalau lu baik gak bakalan terkenal lu anjing wkwk,Darnoprst
583,1,anjing lu ganteng kayak rando,NL21 2009
584,1,chanel lucknutt,Kevin Pratama
585,0,kalem bang gw ada untuk mu v gw mendukung mu v no toxic no life v,Arya Yudha Septian
586,0,gw viwerlu bang i love you,Yhukenshi kun X Mirai chan
587,0,tenang bang ericko masih banyak yang support lu,Acelolik Zidan
588,1,emang mukak kontol lu rik,Rah Too
589,0,bodo aja hater lu,STAR BOY
590,0,haters duit jadinya haters ngasilin duit lebih banyak semakin banyak haters sekamin banyak duit haters kok subs haters kok like ampe rb dan subs,Manda Alan
591,1,gw tekan tombol subscribe kali bang,Nazmi Nasarudin
592,0,konten lu emang nggak berfaedah rik tapi gua tau itu tujuan lu buat ngehibur orang dan itu besar pahalanya kata dhyo haw like ampe rb dan subs,Chicken Crazy
593,0,saran buat lu bang setidak nya kata kotor nya di sensor lah ngak enak di denger setuju,Reeha 321
594,0,ane netral boleh ga,Flow Shiro
595,0,haters maha benar bang erik selow in aja ya gw tetep dukung elu,Afiq Akmal
596,0,tambah cancerrr malahan,Aziz Fikri S
597,1,channel goblogggg ga ada tatakrama,Reza Arapp Naufal
598,0,tembus juta akhir tahun lu mau ngapaiin nyukk,Dhent Gaming
599,0,yo bangsat cakep gw suka lu semangat bang  tetep dukung elu,AYEZ MUSIC
600,0,haters mah seenak jidat,PLAYER VIN GLORY INDONESUA
601,0,erick kata kata mutiara save,mail mbc
602,0,si haters itu gk ada otaknya smua  ngatain lewat dm gk sopan trus kan sdh canggih ni zamar pahalanya kata dhyo haw like ampe rb dan subs,Jason Darwi
603,0,hatersnya jgn nonton klo benci erickolim ericko terbaik,Jason Darwi
604,0,para haters membaraaaaaaaaaa olim ericko terbaik,Dafa Yunus
605,0,sabar bang wkwkwk,Fernando AJA
606,1,gua seneng bully lo lo sabar wkwk,iMposible160KiLL Battle Dreams
607,1,erick kontol banyak gaya ngejek ngejek youtubers kontol ama kau,Daniel Anggara
608,0,gua suka nonton vidio lu karena lu suka toxic kwkwkwkwk terus lah toxic bang,ImFabio MCWorld
609,0,siapa setuju erico tuh ganteng u suka toxic kwkwkwkwk terus lah toxic bang,alfa __
610,0,bang lu ganteng tuh ganteng u suka toxic kwkwkwkwk terus lah toxic bang,alfa __
611,0,bang lu ganteng tuh ganteng u suka toxic kwkwkwkwk terus lah toxic bang,alfa __
612,0,subcribe makan bulu ketek mamah lo,yuusan official
613,0,selow bang gua selalu dukung lu,Dwi Wulandari
614,1,ug komen di sini emg gak ada yg bagus babi cahnel u tutup ajh anjing muka macam kontol ajh blagu,PENOK PENOK
615,1,kontol,PENOK PENOK
616,0,ric gua request lu minum air pembalut donk plissss,Ihsan Lordardmore
617,0,siapapun yg jd haters lu gua sikat ya kntl issss,Rachmat Akil
618,0,"hahaha menghibur bgt ya kntl 
respect tl issss",Rachmat Akil
619,0,hai ericko gua sebenarnya fans banget sama lagu lo itu bagus,GIBRAN GAMING
620,0,hah taunya minta subscribe aja luh,No Chu
621,1,"kontol lu ric muka gak ganteng masih produk lokal konten gak menghibur taii hahahahaha
tapiiii bohooong lu keren ric disaat orang bnyk buly lu tapi lo bisa buktikan salut sama lu 
hahahahahaha",Adfree Tv1
622,1,anak hasil ngelonte ini orang,Galang Andrean
623,1,ngakak njirrr,Fahmi Bagastian
624,1,ericko lim banyak haters tpi kok si haters masih nonton anjeeeng kan gobloggg gituuu v,Reza Andescha
625,1,bacot erick kontol nggilani makan kondom,Afan A.Z
626,1,"hater cuma bisa ngomong doang emang lu bisa suskreb itu juga usaha bujank lu cuma bisa ejek usaha kagak haters kntl 
edit daripada lu bacot mending lu main emel sampe stress akmj",baryonyx TR
627,1,"ter cuma bisa ngomong doang emang lu bisa suskreb itu juga usaha bujank lu cuma bisa ejek usaha kagak haters kntl 
edit daripada lu bacot mending lu main emel sampe stress akmj",yayan sofyan
628,0,buat heathers kalo gak suka gak usah di tonton laporin aja vidio nya ada kok tempat report gak usah komentar kasar juga lu buang buang energi ing lu main emel sampe stress akmj,andri cahaya
629,1,kocak njingalo gak suka gak usah di tonton laporin aja vidio nya ada kok tempat report gak usah komentar kasar juga lu buang buang energi ing lu main emel sampe stress akmj,Dizan Muhamad
630,1,bang coba coli,Nanang Saroni
631,1,smangat kontol,fikri albari
632,0,gue suka gaya lo absurb parah being normal is so bored,lil fakka
633,0,hehe ngeri bgt komenya,Zari Wahyu Pratama
634,1,bau memec ewkwkw ajg,Juvens SH
635,0,"bener semua manusia punya akal sehat tp kalo yg nonton anak itu bisa bahaya soalnya mereka masi belum paham betul mana yg baik ama mana yg bener apalagi sekarang era globalisasi anak sd aja uda pd punya hp kalo ga diawasi mereka bisa aja liat video lu terus mereka minta jembud asem manis ke mamahnya 

ya kalo ade gue sih gue jauhin dr video yg ga baik tapi bagaimana dengan anak lainnya lu mau salahin orang tuanya ya salah lu juga ga seting konten lu buat thn keatad",Belbo Hakami
636,0,humor lu trlalu rendah boi,Helle R
637,0,bener wkwkwk,Afzal Maulana
638,1,"blaker gaming knp lo yang ngegas  ff pubg donkk kentang itu bisa bahaya soalnya mereka masi belum paham betul mana yg baik ama mana yg bener apalagi sekarang era globalisasi anak sd aja uda pd punya hp kalo ga diawasi mereka bisa aja liat video lu terus mereka minta jembud asem manis ke mamahnya 

ya kalo ade gue sih gue jauhin dr video yg ga baik tapi bagaimana dengan anak lainnya lu mau salahin orang tuanya ya salah lu juga ga seting konten lu buat thn keatad",Zakky 1222
639,0,play gema lu napa,Trancelo Dirgantara
640,1,bangsat lu gue sumpahin ngak masuk surga anjing,BLAKER GAMING
641,0,betul,Zikir Lailan
642,1,akun fake asu,Suwita Esports Gaming
643,1,woi kontol bapak lu ngelonte ama jablay anjjng kalo gak suka gak ush nonton kontol anak lonte kimak bangsat,Martin Wijaya
644,1,haters kontol yg haters anak haram,DIS GATORS
645,1,galang anak babi cina,Naufal Razan Santosa23
646,1,ibu lu kimak kontol,Rafif Rafsanjani
647,1,gblk,Aldy NDP
648,1,gua subscriber ke yeah nak haram,yuke widyaningrum
649,1,hidup erickkk erick papa gua anjink komtolllll,Yoga Artha
650,0,bang bikin prank apa apaan tuh teriak wikk wikk ah ah ah di tmoat umum wkwk,Gaming amatiran
651,0,ada baiknya di setiap video lu bang hilangin kata kata yang kurang ajar karena heters melihat elu d setiap video selalu tersisip kata kata yg tdak layak d dengar orang banyak,Hoska Aria
652,0,ngakak,Krisna Apk
653,0,"dikit dikit suruh hapus

suruh aja tuh hapus youtubenya langsung dari pusatnya 

kalok semua suruh hapus orang primitif kayak itu gak akan liat youtube lagi teak",Vaturi Isabani
654,0,hahahaha lucu bang,Irman sukses
655,1,kalo ada yg blg lu tolol rik balikin yang tolol haters mau bikin melarat tapi masih aja di ikutin content masih aja di komen tiap video mangats rik lel i teak,Robertus Bellarmino Jalu
657,0,bang bikin frank aja lu kayaknya seru dah,ADIT BOSS
658,0,"hate adsense 
hater daily adsense",chandra danuarta
659,0,"rik sabar rik namanya juga toxic sukses terus dan jangan lupa selesain youtube rewind nya biar kita semua yang ngk toxic bisa liat hasil kerja keras 




 
 
 
ng banyak",FroTza GaMinG
660,1,"kntl lu bang 
wkwkwk",Najib Halim
661,1,nonton kondom di kasih nnyawa ya gini wkwkwk,chiks ss
662,0,simple woi ga suka gausah di tonton,Ardiansyah 78
663,0,gw semenjak nonton erickontoru jujur hidup gw berubah parah gw jd toxic gak karuan ke temen sekolah gw kadang gw iseng teriak dijalanan tp temen gw tetep fun fun aja sm gua memang omonganku hitam tapi percayalah perbuatan ku suci,Anime Full episode
664,0,etd judulnya ngeselin bgt ya heaters emg jht coeg kok kesel ya Vtoxic gak karuan ke temen sekolah gw kadang gw iseng teriak dijalanan tp temen gw tetep fun fun aja sm gua memang omonganku hitam tapi percayalah perbuatan ku suci,F 
665,0,hahahahahahhahahahaha,Azri Azrikri
666,0,"ganteng ganteng bego
 ggb segera tayang di indosiar 
setiap hari jam",Warp Location
667,1,erickontol asue asik buatin video gak guna anjirt,BOSSyagura Ml
668,1,hmmmmmhhh bau memeq,
669,0,biar bang dihina santui ada gua,Aldrin Pasha
670,0,"kalo mikir 
gw bully si eric emang gw bisa bikin vidio ya 
gak mikir 
kontol lu
goblok
unsub aja lah
tolol anjeng

no hate ya",Doctor Pleague
671,0,intinya gak setan gak enak gak ada ericolim gak enak,Eddo Augest
672,0,gw suka lo karna toxic bang,HHZ Rizki
673,0,yang penting w tau mana yg cuma buat hiburan mana yg bisa gua realisasikan ke temen gua,Hijrah Yuk
674,0,ini keren sih,PriorityDab
675,0,woi liat subscribe pewdiepie,breaking gaming
676,0,atau jangan dia utusan teroris isis untuk men takedown chanel keagamaan paling family friendly di dunia is this konspirasi iluminati,Sasori Akatsuki
677,0,au jangan dia utusan teroris isis untuk men takedown chanel keagamaan paling family friendly di dunia is this konspirasi iluminati,silvia azizah
678,0,gua bakal jdi soapers sejati,Hairi Life
679,0,mungkin youtuber harus kaya jess no limit semua karakternya ya stiap youtuber punya ciri khas,Alvin Rachman
680,0,numpang lewat semua wkwokwokwok numpang tawa wkwokwokwok haters heak wkowkowk lucu gua liat coment kalian para haters kwokowkwkkw,Mikhael W GAM
681,0,sebener nya kalo lu masih frendly sama reza arap masih cocok buat collab sih apa lagi kalo rewind cocok lah cepet baekan aja lah gw harap,Riizaldi Riizaldi
682,0,wkwkwkwk ngakak anjinkk,Rizal Putra
683,1,pentiil lo besar juga ya bg,BOEH Itam
684,0,keren lu bang good buat lu,Riio 18
685,0,bapak kau jualan grobak di timbang,Iqbal Imammul Mutaqqin
686,0,semua lo hina,Iqbal Imammul Mutaqqin
687,1,ngakak qw njir,Tz- Titanz
688,0,channel ini ngehibur mantap bang saat gue lagi sedih gara gara ema gue marahin gue gue nonton channel lu jadi gue cengar cengir sendiri thx bang,Rogue One
689,0,persen yg komen tu bocah sialan,MAGIC_ CHAnN
690,0,hatters cuma bisa bct aja,Evan Gaming
691,0,bang jadi islam,Trainz Simulator Indo
692,1,heters ajg,Banner BLACK
693,1,kontholll,Arya Arfan
694,0,mantul mantap betul,Seva G.S
695,1,fuucking beaches erick fuck you beches bodoh indog mua kayak kontol gak pemalu indogggggg,Fuad Shah
696,1,"haters bgsd emang lu bisa buat video paling family friendly 
bisanya ngomong kontol
semuany di bilang kontol
kontol lu aja bilang kontol sana bgsd g usah nonton dah kalo g suka tolol begok goblok mikir kek anjink",Alfari HGX
697,0,hahhahaa ini baru gua suka ni anak hahhaa,Iswandi Widi
698,1,anjir ngakak,Leo Gaming
699,0,"gw liat nya lucu mereka hate lu tapi nonton komentar di video lu
haha stay strong rick",fawaza .p.n
700,0,bagus rick tetaplah dijalan setan,AkemiKun
701,0,cek channel gw,Christ nuada
702,0,baju lu itu kontol alumnin dwp kau rupanya,Gilang Ramadhan
703,0,aduuh gua telat ngesubscribe nihh masi bisa subscribe lagi ga ni,Gilang Ramadhan
704,1,woi kontol wkwk baca haters lagi donk ngakak anjire lagi ga ni,Aditya Mauluda
705,1,yahaha konten lu setiap gw liat bikin ngakak anjeng hahaha lanjutkan brader,Zippy Game
706,0,alay,Nggoiril Anam
707,1,"gara gara elu reza delete channel babi

suka ngomong bangsat anjing 
babi eluu erick",kONEK kontol
708,1,subcribe gw warnanya biru bang gimana donk v,EEVXD
709,0,best openning,Ingat Mikasa
710,0,"aku cinta ericko lim 



kalau dia makan jembut lagi hiya hiya hiya",Pencari Hablum
711,0,bahaya anak di bawah umur nonton ericko lim auto jadi toxic ga ada faedahnya v mana berani yg nonton video erickontoru pake speaker dekat ortu pasti udah disita tuh v,Seijiwan Art
712,0,wow,Reza eka
713,0,gua suka minum yaqul wkwkwkw,Alfah Riza
714,0,channal gk berfaedah tapi kenapa banyak yg subcribe karna menghibur,Fzmaq Gaming
715,0,ngakak,Bayu Aceng
716,1,anjayyy seksi banget pentilnya anjayyyyyyyy,shiroe san
717,0,nyimak,Fando Official
718,1,jadi youtuber gaharus ngehina yang lain lah pepek,Aik
719,0,gua dulu suka sama lo semenjak lu ngehina youtuber laen sama orang lain gua berpikir x unsubs gw ke lu,Aik
720,0,lanjutin terus lim semangat lu ngehina youtuber laen sama orang lain gua berpikir x unsubs gw ke lu,GONDES _
721,0,mampir buat dislike angat lu ngehina youtuber laen sama orang lain gua berpikir x unsubs gw ke lu,YOLO DOTA2
722,1,asiknya itu bilang kotor anjing kontol wkwkk,Weby Gianlenno Sebastian
723,1,ntabs bang lang kotor anjing kontol wkwkk,Royco Rasa Sapi
724,0,di sini juga ada sih titisan ericko lim,Muhamad padli
725,1,hala haters kontol mending sub channel gua wkwkskw haters kontol memek jembod kontol babi,Gazz fx
726,0,"bang gw saranin bang isiin tulisan pas opening lu mulai 
 adegan ini tak pantas di lakukan di rumah",Gacha Repz
727,0,memang si heaters itu menguntungkan sama kaya temen temen gue yg suka ngomongin lo akhirnya gue penasaran gue liat chanel lu ehh bnr aje unfaedah,Amanda Rahma
728,0,"aku mau komentar nge hate 
udah ya besok masukin pidio yee kan w dah memenuhi syarat",ariq hafizh
729,1,oprasi ga dari memek anjgt,rian argencity
730,1,hahahaha bang ericko emang youtuber toxic berpaedah jngan lupa subcribe bang ericko ya heters karena dia adalah guru pendidik coli yg paling family friendly sedunia lo g suka tolol begok goblok mikir kek anjink,arpani sriwijaya
731,0,soapers,Weda Suryawan
732,0,ada link ga,Ardhany Racing
733,0,"haters kok jahat
udah lah jgn bully ericko lim
udah tau mukanya kaya kontol kelakuan kaya anjink memek bangsad
tapi gua tetep suport lo tod ngentod",F A J A R EXLSV
734,0,"salam gue dari soapers lu dari riau
erickontolim no limit ploss 
wkwkw",diki wahyudi
735,0,ngapain gua subcribe,Patolino BR
736,0,gw bangga sama lo bang,X GON Gaming
737,1,cahannel ini buat hiburan bukan untuk mendidik kalian jadi jangan diikutin lah sifatnya ambil positifnya aja tapi gua tetep suport lo tod ngentod,YAMIZU_Montage Gaming
738,0,bang jngan toxic bukankah lo dh janji buat gk toxic lagi,YAMIZU_Montage Gaming
739,1,kok ngilu anjinkkankah lo dh janji buat gk toxic lagi,Alfian Gaming
740,0,hebat lu bang bisa sabar sama coment haters lu,Rajib Komarudin
741,0,"dear ericko 
oke gw nulis ini bukan berarti gw hate atau gw apalah itu toh gakan ngehasilin buat gw 
gw cuma mw kasih saran aja buat lu kenapa harus bikin konten yg viewers anggap itu negatif kalo lu bisa bikin konten yg bisa buat viewers lu mikir positif buktikan kalo lu itu content creator toh m subs itu bukan chanel abal abal kan",seven foldis
742,1,darawet anjing dawett,ady hd
743,0,bang mabar ml ama kimi hime,Nanda Handoko
744,0,jt subs tangangannya botak dong rick,Febrian Rohmat T
745,0,hanya menyimak saja v,Rdhoo
746,0,mantap lah,aditya BINTANG
747,0,yang suruh hapus itu maksudnya orang primitif nya,Vaturi Isabani
748,0,lah elu ngomong aja itu perbuatan darimana hiam itu suci please deh belajar lgi,rty ot eth tseb
749,1,hirup bau hpppppppp bau memek,Sasori Akatsuki
750,0,btw bang gw sub lo dari pas desember,Sasori Akatsuki
751,0,muka seganteng gw sekeren gw dan se sexy gw masa gw di bilang ga ganteng lo gilaaa ya,Sasori Akatsuki
752,1,kalo hamilin gitu pasti ngilu tu memek nya iya itu dah pasti kek mak lu,Sasori Akatsuki
753,1,maling sial kontol kentot,Kanneki Ken
754,1,bacot lo,GAMER PRO_19
755,1,heaters tololllll,sodara ocong
756,1,terus lu kenapa nonton kontol,Adi Kecod
757,1,fzmaq gaming babi lw,Naufal Razan Santosa23
758,1,pengen jadi gemers tapi masih bocah pastinya dia tuh noob,Naufal Rafi
759,1,bacot njing,Yuli fitri fitri Dutasenasena
760,1,bocah mah diem aja,Alexander Lee
761,1,pantat tipis,iqbal
762,1,bacottt taikkkk nda ush nonton taik si simple itu,Leo Anton
763,0,"sorry ngegas v
 eee rick
berarti lu bikin video 
cuma buat nguji aja 
kalau ditiru atau endak 
eee 
terus kata lu mana yg harus dicontoh dan tidak yg dicontoh 
eee gw nyontoh lu dari mana 
ok ok ada video yg harus w contoh 
tapi kan y jgn sedikit itu lah njingg

dan lu makan jbt video lalu
omg rick mulai sekarang pikir masa depan rick mikir anak lu cucu lu anak dari cucu lu 
sampe tau kalau kakek dari kakek kakek ku itu makan jbt 

ketawa gw liat coment kalau 
 yah apakah ayah pernah makan jbt sendiri 
 ya nak tapi ayah sudah bertobat 
 bagus yah dan sekarang tinggal 
mereka yg bertobat karena sudah panggil aku anak pemakan jbt 

maaf rick gw gak suka baik sama lu video lu lucu dari ngomong anjn bgs gw tonton semua tapi ampe klewatan kenapa gak sekalian sub jt gak pake bajh dijalan tol 

benerin muka lu rick mangsut gw hidup lu 

maaf rick w gak sabar aja",KENAN DEBE
764,0,"kurt cobain
chris cornell
chester bennington
ericko lim",Achmad Nasrull
765,0,slow rick gw soaper sejati walaupun luh menghibur toxic,Biji Meledak
766,0,kak erick klo tatoan kayak gitu and rambut di pirang boleh beribadah nggk tanya,NYIMU OI OI
767,0,kalau ga jahat namanya bukan haters goblok,Rizal Styles
768,0,ericko limat namanya bukan haters goblok,Nia Jswrni
769,0,gw suka gayalu cuk mntaplah,RN SONG
770,1,give donk bngst oii rik,Ahmad Sukri
771,1,lo bilang temen lu buktinya aja dia udah anggap lo kaya sampah anjinggg ngentot mending lo gak usah banyak bacot,Rizi Ggg
772,1,anjing,Andre Geming
773,0,gg chenel,Andre Geming
774,0,bodo amat yg penting gokilwkwkwkw,OTOMOTIF 3
775,0,"unsubscribe
 
 
 
 
 
 
 
 
im just kidding lu dah perfect bang beutipul",Viki Azansptr
776,0,"i have middle finger for you bro 
haha bad channel but nice too",Nada Santai
777,0,"ngakak bang 
emang pada goblok tuh kontol yang komen",Rifa Jegeg
778,0,gue gapeduli heters tapi kok bikin lagu,Alexanderaryo Bimo
779,1,kontol lu ganteng kok bang,ARFAN OFFICIAL
780,0,please part,Greedy Boy
781,0,rik gw soapers lu ya untung lu agak kurang toxic skrng ya haha,Aldy
782,1,baca ini kntl,Alfikri ramadhan
783,0,chanel sangat mendydyc,Psycopath KW
784,1,ngapain dengerin haters mereka ngaku haters lu tp mereka nontonin video lu kak dasar haters bego semangat kakk,Angelina Ong
785,0,bang nikah aja sama kimi himi v,Raka Raka
786,0,bang jangan peduli kepada haters tolol,Yiswaren good song
787,0,kalian menghina erickolim yang jelek apakah kalian bisa menunjukan yang lebih baik dari pada erickolim dia hanya mau menghibur bukan maksud berniat jahat makanya kalau mau komen liat dlu pendirian kalian sendiri,70Years GT
788,1,santai ric mereka yg ngejudge mah hidup disuguhin sama disuapin terus maklumin sadja ya kontol,
789,0,lo lim anjing kontol dasar kaya lo itu tai amat anjing gua suka kelakuan lo anjing gua mau jadi youtuber anjing,Rafli muhammad
790,0,"gua mau jadi hate lu aja lah 
biar komen gue dibaca",Riko Cibro
791,0,haters sumber uang,Riko Putra
792,0,family friendly v,Panda UwU
793,1,youtuber tergg cok,andre Ega
794,0,erickkk,Sukma Ayu
795,0,haters gonna hate bang mangat terus lah jangan digubris,Hi nata
796,1,kalo lu haters ngapain tonton anjg emang ni haters kontol,NATHA FOUST
797,1,ngakak bangsat,Torajanese Youtube
798,0,mastah,Indah farhati
799,0,ini chanel lucu lucu gimana gituu,Husnul Hidayat Yaya
800,0,"nih heter sok an lah bangsat 
palingan ketemu erick minta foto juga an lo anjing gua mau jadi youtuber anjing",Daftar Gokil
801,0,"nih heter sok an lah bangsat 
palingan ketemu erick minta foto juga an lo anjing gua mau jadi youtuber anjing",Daftar Gokil
802,0,si pemakan jembut,Muhammad Andhika Kurniawan
803,1,malah yang toxic toxic itu ciri khas lu rick and bikin gua ngakak terus beda dari yang laindi youtuber anjing,AW gaming
804,0,di saat seseorang tumbang akan ada yang orang lain yang membullynya ingat itu bang,Ferdinand christian
805,0,"funfact 
ericko lim isinya banyak orang yg jadi hatersnya 
kimi hime isinya banyak orang yg jadi sangean v",AqsholGrey
806,0,sabar bro,BarbaCup 1999
807,1,soapers kontol,Muhammad Irvin
808,0,mantapppppp,RIANZED
809,0,btw lu kan udah tua rick kalo nanti nikah trus punya anak apa lu tetep toxic,Akmal Yazid
810,1,"si kontol banyak haters 
tapi tenang tod gue fans lhu",hendra pross
811,0,bang kn lu juga hater,WAKAWA MEGUMIN
812,1,setan lu,ZERO GAMING
813,1,fuck you,ZERO GAMING
814,0,yg ngehina si erick itu berarti sirik karena gaji emak bapaknya kecil dan ga mencukupi,uciha samsul
816,0,"konten lu gk ber faedah 
tapi lu berusaha menghibur kami semua",Albar turnama TM
817,0,mampir ke channel saya,AndiFadil
818,0,soapers,M Ihsan
819,0,like,tyas kyungsoo
820,0,jangan dengerin haters bang trus berkarya,Valiant Uways
821,1,katanya mau dibotakin tol,Fahbil .m
822,0,hiiii,MyChest MC
823,0,"hai numpang promo di chanel ini ya bang 
oke aku bakal adain give away kalu subscriber aku sudah hayoo buruan subs biar dapetin voucher google plays senilai ribu rupiah 
syarat nya subs chanel aku trus syarat selanjutnya bakal aku buatin dalam video",SNH Gaming
824,1,kontol lu kecil v,BAYHAQI CH
825,1,haters goblok asw,Winda Dia
826,1,hater goblok,Winda Dia
827,0,"dengan kegilaan lo yg seperti bangsat tpy itu sangat menghibur wkwkwkwk ngakak gua nontonya lanjut truss rik bs biar dapetin voucher google plays senilai ribu rupiah 
syarat nya subs chanel aku trus syarat selanjutnya bakal aku buatin dalam video",jean busira
828,0,haters emangnya bisa terkenal,Adam khalid
829,1,lu itu anak iblis anjing bangsat kontol omongan kok kaya bukan manusia,Yt Animation
830,0,bang nge react meme dong yang di kirim soapers,goblin cyclops
831,0,menghibur banget lol,Xiaomi Redmi
832,0,di saring semua aja bang buat ide vidio baru yang epick,Rizky Mhrdka
833,0,aku juga haters lu bang at ide vidio baru yang epick,Banana Channel
834,0,knp kalau ytbr lain toxic gaboleh tapi lu kagk,Daita Hamdani
835,0,kapan botak bang ericko lim,Raiden Satria
836,0,gaje lah in,Kazeo Alamsyah
837,0,udah dikasih hidup masih ngurusin hidup orang eh hidup lu kurang berguna eaaaa v emang kita hidup harus polling di ig dulu wakoskaoa,Taehyung Daughter
838,1,lu emang kontol gak cocok lu lahir,Agus Eka Dusak
839,0,woy kalo motivasi cepetan apus tu canel,Vuander Lrxander
840,0,rick kok video lo banyak yang persis tvfilthyfrank,cking kring
841,1,bacot anying,abib batubelubang
842,1,saya dukung erickontlim rsis tvfilthyfrank,ReiZen
843,0,ngakak,RAB official
844,0,bang lianteey mana,BILLAH SETYO Utomo
845,0,gue liat idung lu gede ancur,Guntur Varia
846,0,justru gara lu toxic gw ngakak bang teruskan toxic lu sampe jadi king of the toxic,Ghia Official
847,0,gua suka gaya lo bang,Herdii Adott
848,0,entah mengapa ada editannya hitzeed,zan ming
849,1,anak kontol tu wujudnya ky apa ya haha,Riptian Ekapoorma
850,1,hahaha tai lu ericko lim,Akhmad ramadhan rahman
851,0,wkwkwkw ngakak anjinggggggg lanjutin toxicnya kalo gak toxic bukan erickolim stay soaperrsss,Syukur Fransiskus Jaya Hulu
852,0,ngakak,Yudisthira Dharma
853,1,itu yg suka pke kata kotor pasti bocah pke poto fake lah udh bnyk yg ke cyduk pas di datengin eh bocah laknat,Mas Jomblo
854,1,komtol,Cacang Andika
855,0,fans yang t rtund,Muhammad Noor
856,0,jadikan hiburan semata,duone dunia
857,1,bacottt luh erick kont asti bocah pke poto fake lah udh bnyk yg ke cyduk pas di datengin eh bocah laknat,Panji ii
858,1,jokowi kontol,Leon geovano avnandio
859,1,part nya mana anjing ngetod tolol ngakak anjing guwa,Lutfi SBY
860,1,ah kontol dasar anak lonte,paranoid
861,1,bang subs makan torpedo ama jembut tompel,Realz Tygrz
862,0,gw tetep suport lu daripada channel donasi donasi sombong gak ngakuin youtubers indonesia,Keyboard Gagal
863,0,"rafli muhammad klo g suka report dislike aj 
emang kamu bilang gitu dia bakal berubah",Kiano Pratama
864,0,"kiano pratama apa maksud lo aduh maaf jangan sirik 
kalau mau ngomen ngomen jangan ngebales apaan",Rafli muhammad
865,0,klo ngehate ngapa nonton nak,Kiano Pratama
866,0,true story nak,Kiano Pratama
867,0,dan kebanyakan yg nonton tuh bocah,Helle R
868,0,channel pemersatu bangsa,Temmie
869,1,hahha anjir nih org,Maling Mangga
870,0,naufal razan santosa lol,Albar turnama TM
871,0,bocah gk phm maksud w omong tu,Albar turnama TM
872,1,albar turnama tm gelud lah haters miskin babi,Naufal Razan Santosa23
873,1,ya elu yg bacot ank lonte,M. NABIL
874,1,uhh goblog foto profil lu aja gambar erpan goblog matisana,alfa gaming
875,0,"nyimak sadja 

 v",Aditya Gobrets
876,0,selamat malam pak cik tu tak aku dah tak boleh ada yang bisa kita rasakan saat itu pula yang tidak dapat pernah bisa saya bantu aku tidak akan bisa menjadi melihat lokasi di jakarta indonesia di ajang singapura dan malaysia saling percaya aja ya kak buat buat yang apa saja yg tahu semua benda yang aku tahu rasakan di ketika itu enak banget buat tidur hari raya idul fitri mohon maaf lahir dan di akhirat nanti akan ada yang mau kurang ajar lebih banyak dari pada koment your hair right before and after the hair,SALMAN JOVI
877,1,anjing jujur gw ga suka sama channel elu tapi tiap lu upload gw tonton ape kelar,Bamm Bamm
878,1,gak usah nonton gak usah subscribe hak masing emang sih mw nonton apa kagak tp klo go public harus sadar dong klo semua orang bisa akses berapapun umurnya ama apapun gendernya teknologi kan konsekuensi jaman klo orang bermental seperti situ yang slalu jadiin ortu yang gak merhatiin anaknya sbg scapegoat tpsitu terus produksi barang dengan konten bermulut kebun binatang terus nyalahin orang krn itu kebebasan individu apa gak salah tu logicnya o iya kan lagi cari nyari duit jadi merusak mental orang dibawah umur buat nyari duit hal yang wajar emang mw itu orang tuanya tentara sekalipun klo konten kek gini gak dibenahin gak ada yang berubah klo kehidupan kota emang kejam menurut situ gak usah ditularin ama anak yang masi belajar gimana rasa saling menghormati dorongan konten macam gini kelakuan anak ntar yg sembah situ besar kemungkinannya ikutin situ indah bgt klo dibayangin jalan ke tempat umum terus bahasanya anak nya njing babik goblok indah banget sebagai yusoaper selamat ya udah ngubah kultur kita yang ramah n sopan prestasi banget tu,advent spectra
879,1,ignore them just keep toxic ribe hak masing emang sih mw nonton apa kagak tp klo go public harus sadar dong klo semua orang bisa akses berapapun umurnya ama apapun gendernya teknologi kan konsekuensi jaman klo orang bermental seperti situ yang slalu jadiin ortu yang gak merhatiin anaknya sbg scapegoat tpsitu terus produksi barang dengan konten bermulut kebun binatang terus nyalahin orang krn itu kebebasan individu apa gak salah tu logicnya o iya kan lagi cari nyari duit jadi merusak mental orang dibawah umur buat nyari duit hal yang wajar emang mw itu orang tuanya tentara sekalipun klo konten kek gini gak dibenahin gak ada yang berubah klo kehidupan kota emang kejam menurut situ gak usah ditularin ama anak yang masi belajar gimana rasa saling menghormati dorongan konten macam gini kelakuan anak ntar yg sembah situ besar kemungkinannya ikutin situ indah bgt klo dibayangin jalan ke tempat umum terus bahasanya anak nya njing babik goblok indah banget sebagai yusoaper selamat ya udah ngubah kultur kita yang ramah n sopan prestasi banget tu,ifdihansyahlbs
880,0,emg konten lu toxic bg tapi sumpah setiap kontenlu ngehibur bgt,ifdihansyahlbs
881,1,dear haters ngga suka gausah nonton anjing,fckbtch.
882,1,au ah gajelas tot,DIAZALWIN
883,0,kamu jahat tapi enak lim,Its INAIRDNA
884,0,youtuber inspirasi gua ni ekwkwk,Andi Muhammad Jayadi
885,1,yutuber tergoblok,Yustizar Makarov
886,1,menghibur anjinkkkkkkkk,Madi AN
887,0,ngakak online,risky pras
888,1,family friendly didunia kontolim mantap bang ericko ibur bgt,Gila ng
889,0,sabar bang lim,Black Domino
890,1,lo licik lo jahat lo munafik dasaar anjjjiiiiiiiiiiiiiiiiiiing ibu lo oh pelacur,AN9EL Ck
891,1,untuk hatter banyak kata kontol punyak kontol itulah hatter sangkin kontolnya gk tau lg gue apa bilanginnya hattee sibok kali ngurusin hidup org lain hidup loh urus kontol hidup loh tu gk bagus kali jadi lo yg kontol hatter,yoss ney
892,1,semua you tube punya ciri khas lo torok eh toxic bla bla serah serah loe chanel chanel loe yang nyari uang loe namanya juga hiburan yang penting gak berbau provokator,OPIC Ras Muhammad
893,0,setoxic ericko lim segimana pun tetep aj subscribernya asli anti beli dan gue gak bakal unsubs,Theo Juliano Caesar
894,0,panutan iniii mahhh wkwkkwkwk,Jonathan Catriel
895,0,erick the best yang gk suka sama erick sini gw bantai semua nya anjing sini,JAMI OFFICIAL GAMEMING
896,0,anying opening nya nyolong dari jesnolumutan eeeeeh maksutnya jesnolimit,Jordan TA
897,1,erick the best pokoknya omong apa aja menek kontol ngentot boleh nama nya juga erick kontol wkwkwkw,JAMI OFFICIAL GAMEMING
898,0,jadiin laguu bagus tuh komen wkkwkw,Theodore Matthews
899,1,waduh anjinkkkk gimana nih rick ketauan kalo beli subs wjwkwkkw,Arya Dhuta
900,0,aaaaaaasiaap,Bang syahrul tv
901,1,kontol lu,Ario bagas Bagas
902,1,"love you so much rick gw sbnrnya udh pernah ntn lu sblm yutub masih waktu di facebook teriak kontol 
 terbukti dari konten yutub lo banyakan yg like drpd dislike 
ga usah peduli lah ama haters gaje 
tetep berkarya rick soapers will always love you ",LightFireZ Abraham
903,1,"semangat bang erickosbnrnya udh pernah ntn lu sblm yutub masih waktu di facebook teriak kontol 
 terbukti dari konten yutub lo banyakan yg like drpd dislike 
ga usah peduli lah ama haters gaje 
tetep berkarya rick soapers will always love you ",Ardan maulana
904,1,ngakak anjinggg,Lovi Gamers
905,1,"save kontolodon lezatos jemboetos kratos  ngukuk bangsaub masih waktu di facebook teriak kontol 
 terbukti dari konten yutub lo banyakan yg like drpd dislike 
ga usah peduli lah ama haters gaje 
tetep berkarya rick soapers will always love you ",Cosmic Destruction
906,1,jijik tol l,Wiznu R.
907,1,"ngakak anjinkk tos jemboetos kratos  ngukuk bangsaub masih waktu di facebook teriak kontol 
 terbukti dari konten yutub lo banyakan yg like drpd dislike 
ga usah peduli lah ama haters gaje 
tetep berkarya rick soapers will always love you ",Saeful sutandi
908,0,haters nonton vidio lo banyak view adsense,Nafis
909,0,haters erick blyat,Okumura Rin
910,1,"kan sudah biasa di gituin nah terus kenapa lu malah balik bacot ke heaters  sukak heran gua sama elu rbukti dari konten yutub lo banyakan yg like drpd dislike 
ga usah peduli lah ama haters gaje 
tetep berkarya rick soapers will always love you ",Asbi Pinocii
911,0,channel pendidikan kok dibilang gk ada faedah wkwk d best konten erickolim d,Arrow Official15th
912,1,erick kontol baca lu itu anjing tolol bangsat kontol memek muka lo kek memek asu anjing jahanam kintil hapus channel lu anjing kontol memek kek kntl asu anjing memek memek memek memek,Aries Official
913,0,suci bagai debu v,pahlevi 1823
914,0,ngakak wkwkwk,Dicky Raider
915,1,anjing ngakak gua bang haters kontolangsat kontol memek muka lo kek memek asu anjing jahanam kintil hapus channel lu anjing kontol memek kek kntl asu anjing memek memek memek memek,Reza Ramadhan
916,1,ye vngsat,SaBiL MeCcA
917,0,biasa anaknya yesus udah china bukan asli indo jelek jelekin indo pula,SAM IDI
918,0,just for money,Sahal Ahmad
920,0,siapa sieh yg ngedit naekin gaji rick,Faishal gaming
921,1,bangsat kau mulut anda kotor i rick,Faishal gaming
922,0,gg bang lo jawabnya bikin gw banyak dosa wkwkw,contora contori
923,0,eh ngegas tuh haters,Nathanael Larry
924,0,"lu sok keren 
lu sok ganteng 
lu jangan sok erikont ol sorry gw sensor subscribe lu masih juta aja bangga gw bisa naikin subscribe gw sebanyak itu tinggal screenshoooooooooooooooooot channel gw edit gambar ganti subscribe jadi juta selesai jadi di atas awan masih ada awan gw liat muka lu bikin muntah anjing konten lu murahan gk mendidik dan gk jelas udh gw unscribe anjing lu bangsat",Herdana Ariandika
925,0,emang lu pntez di hate rick lebih rendah dr sampah,Roy MaximuZ
926,1,yah si anjing gw suka lu njing cok babi bikin konten unfeadah aja gw hate komen ini babiiiiiiiiiiiiii gw hate karna lu kaga mau bikin konten unfaedah anjing babi ngetod gw udah langganan tahun lebih lu harus ngasih konten unfaedah buat menuhin gizi toxic anjinggggghg,Fazri
927,0,part bang d asyque liat haters yang cuman bisa komen gajelas d,Megumin MYWAIFU
928,1,di menit ke ngakak njirr,Ai Ai
929,0,gua subscribe lho karena gua tertawa lihat konten lo semangat terus ericko lim wkwkwkw,Pluto Mbouuu
930,0,"hmmmmmmm 
heeeee 
bau memek v

source erick coli m",Excellino Tulangow
931,0,"anda lucu
saya suka 
anda memang kocak dan buat gua ngakak anjirericko lim wkwkwkw",Eka Permadi
932,0,truss upload bang channel yg menghibur,nando 's
933,1,anjing ngakak bangsat wkwkk komen gw termasuk hate comment gak nih uda pake capslock bangsat ngakak anjing,Try Hutama
934,0,sabar aja,Noval lino
935,1,gw suka lu ericko lim kk komen gw termasuk hate comment gak nih uda pake capslock bangsat ngakak anjing,Aisyah Azzahra
936,0,jangan benci erickolim sebelum subscribernya jt v,zero two
937,0,ganteng kokrickolim sebelum subscribernya jt v,Chindy Rs
938,1,anjing lu bangsat lu gak punya pendirian naro gambar mata satu lagi channel ke agamaan apaan,AdzkaGro
939,0,cintai yakult mu minum usus tiap hari,re uploder
940,0,kangen intronya v,ALimit
941,0,"fans yg tertunda adalah pembenaran paling absurd 
apakah setan yg sudah menghasut nabi adam adalah fans nabi adam",Fatih Naday
942,0,ngakak mereka benci tapi ditonton yang bego erick atau yang ngehina njir v,agung sudarwo
943,0,yg sabar yee bang gw belain lu kok,Diandra Syahputra
944,0,apa arti toxic bro erickolim,Eka Sedana
945,1,lu goblok tolol tapi gua suka njir,Eka Risky Darma Utama
946,0,makan pendapatan dari haters duit haram dan semua agama melarang makan duit haram btw gue gak ambil pusing karna spongebob warnanya kuning saya suka warna kuning,Big Dog
947,1,hah haters ohh maksudnya kontol,Meow N3ko
948,1,sopan sekali kamu anjink,Jamal bisyri
949,1,erick itu ganteng anjing ngga usah hina erick kontol,muhocon 22
950,1,lu tolol tapi gw suka njinkkkk,Muhammad Khairuddin
951,0,bang saran gw klo mau toxic sensor aja bang banyak subscriber lu yg kecil kecil,ReyD Animasi
952,0,chanel paling family friendly di duniiiiaaaaaaaaaaa d,Fahreza Rahman
953,1,bang celleng homo di jalan bang,JaGor 12
954,1,memek kok ngilu,Horyzon A.Z.E.D
955,1,kak tetep semangat yaaa walaupun lu di bacotin sama netizen tepi lu kudu kuatt,Anggun Madiun
956,0,kau terbaikk limm battt v,Estu Estu
957,0,"konten mendidik ya suruh sekolah aja tuh orang biar di didik wkwkw
kalo semua youtuber mendidik ntar dapet gelar spd wkwkwkwk
ntar jadi ericko lim spd",Pritil Noob
958,1,erickcokli m gua fans loe anjink sinih main semarang gua sambut dengan buah durian manteb,Dedi Nurdiyansyah
959,1,dengerin tuh kalo ngga suka ngga usah nonton anjing hahahahaah,Anggit Monk'qei
960,1,ngakak nonton vidio ini anjg kwkwjw,Bang rey
961,0,weka haters mah gk guna bang bisa nya ngatain doang tapi gk bisa berkaryav,HOAX Gaming
962,0,bang eric hanya dengan toxic bisa dapet jt sub dan fans yg tertunda v,widya retno
963,0,toxic itu kata mutiara,Sc4VaNgeR Prince
964,1,memekz,jff SQUAD
965,0,ahahahah haters tapi lo nonton video ericko lim siapa yang lebih menguntungkan wahahah makin banyak haters makin banyak viewers iyakan,Sc4VaNgeR Prince
966,1,yang komen pada bego bilang cennel ini gak mendidik plies jadi orng yg pintar dikit kalo kalian pengen konten yg mendidik nonton berita aja sana cari konten yg memng mndidik tonton tuh pak mario teguh berita yang lain gampng kan ini mau broo masa masih bego aja,just lock
967,1,ditunggu video keduanya bang terusin konten ini bangies jadi orng yg pintar dikit kalo kalian pengen konten yg mendidik nonton berita aja sana cari konten yg memng mndidik tonton tuh pak mario teguh berita yang lain gampng kan ini mau broo masa masih bego aja,Wkwk FOOTBALL
968,0,always sad,Alfun fatihah
969,0,gw islam slma ini gw g trsinggung dgn bg erick banyak yg bilang ericko lim g pantes ngomong kek gitu lu yang g pantes idup udh jls cara ngomongnya bg erick kek gitu dr gestur ny dasar fans tertunda,kochenk tidur
970,0,tanpa haters gk bkl sukses bang,Wow Film Kartun
971,1,mantab akmj gud lah rik langsung revenge hateres wowkwkwk terbalaskan gud ea bujank,Reihatsu Official
972,1,wahhh ketawa lemes aku cok,Angga Adi pratama
973,0,semangat bang,ibnu naruto
974,1,katanya berhenti toxic tapi lu ngomong kasar nipu lu kontol,July 35H25Nok
975,0,asbi pinocii hai nak,Kiano Pratama
976,0,halo,Kiano Pratama
977,0,halo,Kiano Pratama
978,0,halo,Kiano Pratama
979,1,lu nulis apa apa dia bakal baca komen lu rasis amat jd org sehat jelas g karena cuma tau kata anjing memek kntl jahanam asu bangsat memang haters itu g punya otak,Kiano Pratama
980,1,kiano pratama gw hanya bilang iyain aja asis amat jd org sehat jelas g karena cuma tau kata anjing memek kntl jahanam asu bangsat memang haters itu g punya otak,Faishal gaming
981,1,lha lu jg kotor bego lah sama lu paling jg dijawab lu siapa ngatur gw,Kiano Pratama
982,0,yaudah dia jg g mau punya subscribber bego kaya lu pindah aj ke deddy corbuzier sana biar tambah pinter dikit,Kiano Pratama
983,0,bener sih lu bocah,Kiano Pratama
984,1,bacot bocah,Motor Berserak
985,0,kasar nipu hmmm,YoTa Gaming
986,0,bikin part nya lu bacain hate koment tapi lu jawabnya santai ga ngegas kuys gas wkwkwk,Firman Daniel
987,0,koment haters di jadiin lagu bro,Dan Pureside
988,1,wkwkwkwk ngakak anjeng,Lutfi Alvi
989,1,santai ajak eric gua suka konten konten loo ngakak anjirr wkwkw salam kalbar,Shark
990,1,kalo gk jahat bukan haters tolol,DAFFA ADAM
991,1,main pb lagi dong anjing bosen gw bangsat liat kek gini terozz,Li-oN For Gaming
992,0,yg hate komen gda yg ngeh klo dia lakuin itu cm buat ngehibur dan buat lakuin apa yg mau dia lakuin walupun emg gila dan aga beda dr yg lain wkwkwk gua nonton seru ajasi,Diana Kaysa
993,0,salam toxic v,Alfan Art
994,0,pinter lu rick  trik youtuber paling jossu cm buat ngehibur dan buat lakuin apa yg mau dia lakuin walupun emg gila dan aga beda dr yg lain wkwkwk gua nonton seru ajasi,Ricky Kkk
995,1,yg pertama kerad,Watashi wa Rizky desu
996,0,haters nya klo ngehina gak ngacaling jossu cm buat ngehibur dan buat lakuin apa yg mau dia lakuin walupun emg gila dan aga beda dr yg lain wkwkwk gua nonton seru ajasi,tea wae
997,1,orang mending omongan nya bangsat kaya elo anjing biasa nya jujur wkwk,Reza Suteja
998,1,bacoot kontoool,Zhask MobiLe
999,0,dasar yg komen jahat kaum pantat tipis upgrade pantat sana,Fajar Azie
1000,0,semangat terus saja hatter emang gitu,Haikal EZ
